{"mean_cf":{"count":1086064.0,"mean":0.3618398747,"std":0.0991894706,"min":0.0127660772,"25%":0.3205370605,"50%":0.3869999945,"75%":0.4664659798,"max":0.648999989},"total_lcoe":{"count":1086064.0,"mean":57.4067276867,"std":45.2048407043,"min":16.7493155415,"25%":31.6930504411,"50%":48.7108430694,"75%":90.4999596483,"max":1781.7134564102},"mean_lcoe":{"count":1086064.0,"mean":53.5409017026,"std":42.7268467745,"min":16.4171924591,"25%":30.1992549896,"50%":44.949804306,"75%":81.4611434937,"max":1568.3779296875},"area_sq_km":{"count":1086064.0,"mean":56.9443838151,"std":47.0337170546,"min":0.00405,"25%":23.409,"50%":72.3168,"75%":123.1848,"max":132.7104},"lcot":{"count":1086064.0,"mean":3.8658259841,"std":5.1465163605,"min":0.0017766098,"25%":0.8605880389,"50%":2.9314619901,"75%":7.9280551155,"max":313.9478314102},"capacity":{"count":1086064.0,"mean":240.4604846411,"std":184.0766052538,"min":0.01215,"25%":124.3188,"50%":299.376,"75%":388.0224,"max":600.0},"dist_mi":{"count":1086064.0,"mean":37.3693869631,"std":41.1069229898,"min":0.0001622682,"25%":7.2760659949,"50%":29.7146290194,"75%":74.3349394515,"max":231.0790058012}}