{"mean_mean_cf":{"count":65673.0,"mean":0.3604258807,"std":0.0958637254,"min":0.0146320603,"25%":0.2949662848,"50%":0.3651716849,"75%":0.4348065958,"max":0.6487646979},"stdev_mean_cf":{"count":65673.0,"mean":0.0249447549,"std":0.0118686035,"min":0.000485065,"25%":0.0165967119,"50%":0.029322507,"75%":0.0336544817,"max":0.1105330623},"mean_total_lcoe":{"count":65673.0,"mean":57.3391553547,"std":43.2188195357,"min":22.8624656364,"25%":32.8054112351,"50%":40.4496654795,"75%":60.3861817504,"max":1160.9713812886},"stdev_total_lcoe":{"count":65673.0,"mean":11.4686578573,"std":7.4635191335,"min":0.1927391578,"25%":8.4287475848,"50%":10.6860293567,"75%":14.0281283921,"max":275.198305542},"mean_area_sq_km":{"count":65673.0,"mean":56.5273490465,"std":36.6294459724,"min":0.004453418,"25%":19.7716235294,"50%":63.65034,"75%":85.9157470588,"max":132.7104},"stdev_area_sq_km":{"count":65673.0,"mean":25.248678039,"std":17.2476139634,"min":0.0,"25%":9.4487152128,"50%":26.5685014515,"75%":40.0732069965,"max":67.0755098268},"mean_lcot":{"count":65673.0,"mean":3.8402768044,"std":4.6270797666,"min":0.0020702153,"25%":0.6797984503,"50%":2.1646111556,"75%":5.418955136,"max":105.1515678407},"stdev_lcot":{"count":65673.0,"mean":1.2491594951,"std":1.9458512609,"min":0.0003925921,"25%":0.1847930561,"50%":0.6380808545,"75%":1.7059061575,"max":101.8008445628},"mean_capacity":{"count":65673.0,"mean":237.1985105262,"std":161.0958441885,"min":0.0133602539,"25%":129.0430058824,"50%":225.73404,"75%":293.4296470588,"max":600.0},"stdev_capacity":{"count":65673.0,"mean":75.7460341169,"std":51.7428418902,"min":0.0,"25%":28.3461456385,"50%":79.7055043545,"75%":120.2196209895,"max":201.2265294805},"mean_dist_mi":{"count":65673.0,"mean":36.8520840513,"std":37.9148323013,"min":0.0001640984,"25%":6.3714226444,"50%":22.0393411541,"75%":59.8959175873,"max":214.5554327966},"stdev_dist_mi":{"count":65673.0,"mean":9.4964435004,"std":12.7756149318,"min":0.0,"25%":4.577566799e-16,"50%":3.6269622961,"75%":14.9552649751,"max":114.8731690201},"num_values":{"count":65673.0,"mean":16.4733452104,"std":1.4431378848,"min":5.0,"25%":17.0,"50%":17.0,"75%":17.0,"max":17.0}}