{"mean_Mean_CF":{"count":10060.0,"mean":0.3556500731,"std":0.0974229807,"min":0.0649031252,"25%":0.283108782,"50%":0.3648715913,"75%":0.4355547492,"max":0.6150000095},"stdev_Mean_CF":{"count":10060.0,"mean":0.0324897502,"std":0.0130424685,"min":0.0,"25%":0.0226632994,"50%":0.0367214076,"75%":0.0422371064,"max":0.1226642391},"mean_Site_LCOE":{"count":10060.0,"mean":46.0718250084,"std":21.7587452125,"min":24.4825643812,"25%":31.8036913872,"50%":38.5567841984,"75%":51.8070973442,"max":180.3483581543},"stdev_Site_LCOE":{"count":10060.0,"mean":14.2098295966,"std":6.1902213038,"min":0.0,"25%":10.4314856992,"50%":13.1393589381,"75%":17.019171058,"max":51.2511102963},"mean_All-in_LCOE":{"count":10060.0,"mean":49.7342596087,"std":23.6291564395,"min":25.0971621366,"25%":34.0093818692,"50%":41.3172068937,"75%":56.8731241495,"max":184.3020117813},"stdev_All-in_LCOE":{"count":10060.0,"mean":15.2665237868,"std":6.7546130227,"min":0.0156193297,"25%":11.2332707357,"50%":13.8903367007,"75%":18.3613807918,"max":54.1143251888},"mean_Capacity":{"count":10060.0,"mean":209.9950840312,"std":125.8379589089,"min":0.0185572266,"25%":123.5455392857,"50%":216.9781714286,"75%":279.24345,"max":600.0},"stdev_Capacity":{"count":10060.0,"mean":82.6888337593,"std":51.0466612505,"min":0.0,"25%":39.8052266384,"50%":85.551256451,"75%":125.4670736211,"max":250.3518629859},"mean_LCOT":{"count":10060.0,"mean":3.6624346003,"std":4.1450213997,"min":0.0023840607,"25%":0.7431491632,"50%":2.2201191804,"75%":5.1046698682,"max":38.6095070795},"stdev_LCOT":{"count":10060.0,"mean":1.5190088883,"std":1.8733481033,"min":0.00053622,"25%":0.2238481946,"50%":0.8587498225,"75%":2.1244654751,"max":22.1100792925},"mean_Dist_Km":{"count":10060.0,"mean":55.6693297352,"std":56.2073386279,"min":0.0058726142,"25%":11.1400693776,"50%":34.6149603403,"75%":85.4607265266,"max":363.1953521965},"stdev_Dist_Km":{"count":10060.0,"mean":17.7073203409,"std":22.9122685384,"min":0.0,"25%":9.593423387e-16,"50%":7.6060689662,"75%":27.9379630857,"max":163.5248540687},"mean_Area_Sq_Km":{"count":10060.0,"mean":62.2635700913,"std":34.7063628069,"min":0.0061857422,"25%":34.7770607143,"50%":68.65155,"75%":89.7850285714,"max":132.7104},"stdev_Area_Sq_Km":{"count":10060.0,"mean":27.5629445864,"std":17.0155537502,"min":0.0,"25%":13.2684088794,"50%":28.5170854836,"75%":41.8223578737,"max":83.4506209953},"num_values":{"count":10060.0,"mean":6.7492047714,"std":0.6440319701,"min":2.0,"25%":7.0,"50%":7.0,"75%":7.0,"max":7.0}}