{"Mean_CF":{"count":33219.0,"mean":0.4381827476,"std":0.1006272772,"min":0.174999997,"25%":0.3605865538,"50%":0.4252539873,"75%":0.5400000215,"max":0.5970000029},"Site_LCOE":{"count":33219.0,"mean":60.0778516391,"std":32.0292909001,"min":18.7765636444,"25%":32.7259140015,"50%":49.9074172974,"75%":92.9826583862,"max":200.0},"All_in_LCOE":{"count":33219.0,"mean":64.9607885704,"std":35.7053416035,"min":19.3781710725,"25%":34.5187741378,"50%":53.2460869217,"75%":98.2325522002,"max":200.0},"Capacity":{"count":33219.0,"mean":269.7882979767,"std":235.4722612046,"min":0.022377832,"25%":60.1182,"50%":181.1808,"75%":600.0,"max":600.0},"LCOT":{"count":33219.0,"mean":4.8829369313,"std":7.3791439007,"min":0.0067372844,"25%":0.5946234307,"50%":2.2000985339,"75%":7.0126393316,"max":20.0},"Dist_Km":{"count":33219.0,"mean":48.1225160995,"std":54.4562249356,"min":0.0034494177,"25%":6.2707312424,"50%":25.1417267514,"75%":81.0609438415,"max":371.8856115122},"Area_Sq_Km":{"count":33219.0,"mean":31.0863609228,"std":35.7436121656,"min":0.0074592773,"25%":4.0,"50%":13.6809,"75%":49.41,"max":131.544}}