{"mean_Mean_CF":{"count":4824.0,"mean":0.4368858568,"std":0.0938469678,"min":0.2078944274,"25%":0.3662236663,"50%":0.4114364768,"75%":0.5370000005,"max":0.5970000029},"stdev_Mean_CF":{"count":4824.0,"mean":0.0319213253,"std":0.0210999429,"min":0.0,"25%":0.0,"50%":0.0421402309,"75%":0.0472769196,"max":0.0728476196},"mean_Site_LCOE":{"count":4824.0,"mean":59.6212306608,"std":29.3028019987,"min":28.2269475119,"25%":38.3465194702,"50%":43.6750594548,"75%":91.6362819671,"max":200.0},"stdev_Site_LCOE":{"count":4824.0,"mean":11.1733966001,"std":7.6831442653,"min":0.0,"25%":0.0,"50%":13.7998309572,"75%":16.5402508394,"max":200.0},"mean_All_in_LCOE":{"count":4824.0,"mean":64.4105994451,"std":32.7943520239,"min":28.863242496,"25%":40.3523894616,"50%":47.1011067833,"75%":95.8646834056,"max":200.0},"stdev_All_in_LCOE":{"count":4824.0,"mean":12.2943248434,"std":8.1952085774,"min":0.0081221003,"25%":0.9664402266,"50%":14.4203867788,"75%":17.7187538939,"max":200.0},"mean_Capacity":{"count":4824.0,"mean":264.6778251588,"std":225.6966632831,"min":0.022377832,"25%":84.3400928571,"50%":180.0855642857,"75%":600.0,"max":600.0},"stdev_Capacity":{"count":4824.0,"mean":48.9855527087,"std":52.2389875432,"min":0.0,"25%":0.0,"50%":32.5837002458,"75%":85.1582261608,"max":192.127599377},"mean_LCOT":{"count":4824.0,"mean":4.7893687842,"std":6.8585659418,"min":0.0137943822,"25%":0.7180813097,"50%":2.5168084236,"75%":6.7262754792,"max":20.0},"stdev_LCOT":{"count":4824.0,"mean":1.3606900328,"std":2.3749483436,"min":0.0034759824,"25%":0.2019221508,"50%":0.6120687798,"75%":1.3862685043,"max":20.0},"mean_Dist_Km":{"count":4824.0,"mean":47.2191013321,"std":50.4099947506,"min":0.0075101481,"25%":7.6367291949,"50%":28.7096822665,"75%":76.0223871969,"max":363.1953521965},"stdev_Dist_Km":{"count":4824.0,"mean":9.3872853705,"std":19.675162752,"min":0.0,"25%":0.0,"50%":0.2909932824,"75%":10.6852913856,"max":191.8003756069},"mean_Area_Sq_Km":{"count":4824.0,"mean":30.8561241408,"std":28.0562042535,"min":0.0074592773,"25%":4.0,"50%":23.0895321428,"75%":55.0773964286,"max":101.0046857143},"stdev_Area_Sq_Km":{"count":4824.0,"mean":16.3285175696,"std":17.4129958477,"min":0.0,"25%":0.0,"50%":10.8612334152,"75%":28.3860753869,"max":64.0425331257},"num_values":{"count":4824.0,"mean":6.8418325041,"std":0.4772055207,"min":3.0,"25%":7.0,"50%":7.0,"75%":7.0,"max":7.0}}