{"Limited Access - Mid":{"Mean_CF_std":0.0909594296,"Mean_CF_mean":0.45470112,"Site_LCOE_std":32.5075382673,"Site_LCOE_mean":59.0723142532,"All_in_LCOE_std":36.3797589663,"All_in_LCOE_mean":62.9371755029,"Capacity_std":272.0456736054,"Capacity_mean":219.3422790723,"LCOT_std":6.3877418551,"LCOT_mean":3.8648612498,"Dist_Km_std":45.8206463691,"Dist_Km_mean":39.7327650299,"Area_Sq_Km_std":10.1346490362,"Area_Sq_Km_mean":7.3798470954,"ATB_cat":"2030 Mid-Case","Siting_Regime":"Limited Access","Scenario":"Limited Access - Mid"},"Open Access - Mid":{"Mean_CF_std":0.090667329,"Mean_CF_mean":0.4434319395,"Site_LCOE_std":31.0334535675,"Site_LCOE_mean":56.6728955879,"All_in_LCOE_std":34.2125477707,"All_in_LCOE_mean":61.5320482983,"Capacity_std":213.6684406072,"Capacity_mean":305.5685172255,"LCOT_std":6.7632548603,"LCOT_mean":4.8591527104,"Dist_Km_std":56.6084526405,"Dist_Km_mean":53.1885884515,"Area_Sq_Km_std":41.9349954249,"Area_Sq_Km_mean":44.4371365618,"ATB_cat":"2030 Mid-Case","Siting_Regime":"Open Access","Scenario":"Open Access - Mid"},"Open Access - Low":{"Mean_CF_std":0.078485849,"Mean_CF_mean":0.4662646044,"Site_LCOE_std":35.7347372506,"Site_LCOE_mean":48.9178306161,"All_in_LCOE_std":38.9326219593,"All_in_LCOE_mean":53.5439959419,"Capacity_std":213.6684406072,"Capacity_mean":305.5685172255,"LCOT_std":6.5684397943,"LCOT_mean":4.6261653258,"Dist_Km_std":56.5751713904,"Dist_Km_mean":52.6126400705,"Area_Sq_Km_std":41.9349954249,"Area_Sq_Km_mean":44.4371365618,"ATB_cat":"2030 Low Cost","Siting_Regime":"Open Access","Scenario":"Open Access - Low"},"Open Access - Current":{"Mean_CF_std":0.1184321209,"Mean_CF_mean":0.3951956571,"Site_LCOE_std":21.3882000556,"Site_LCOE_mean":74.6609015589,"All_in_LCOE_std":25.5295885045,"All_in_LCOE_mean":81.2010244519,"Capacity_std":213.6684406072,"Capacity_mean":305.5685172255,"LCOT_std":8.9311174234,"LCOT_mean":6.5401228931,"Dist_Km_std":57.2891982468,"Dist_Km_mean":54.0799578441,"Area_Sq_Km_std":41.9349954249,"Area_Sq_Km_mean":44.4371365618,"ATB_cat":"Current Technology","Siting_Regime":"Open Access","Scenario":"Open Access - Current"},"Reference Access - Mid":{"Mean_CF_std":0.0895043416,"Mean_CF_mean":0.4463174183,"Site_LCOE_std":31.3554186768,"Site_LCOE_mean":56.8366515764,"All_in_LCOE_std":34.9196639811,"All_in_LCOE_mean":60.867493827,"Capacity_std":245.7733529478,"Capacity_mean":230.1653139562,"LCOT_std":6.5480071687,"LCOT_mean":4.0308422506,"Dist_Km_std":52.2500060114,"Dist_Km_mean":42.6802740098,"Area_Sq_Km_std":17.848960131,"Area_Sq_Km_mean":18.1508197328,"ATB_cat":"2030 Mid-Case","Siting_Regime":"Reference","Scenario":"Reference Access - Mid"},"Reference Access - Low":{"Mean_CF_std":0.0770231543,"Mean_CF_mean":0.4694075672,"Site_LCOE_std":36.090610311,"Site_LCOE_mean":49.2621667367,"All_in_LCOE_std":39.6989111016,"All_in_LCOE_mean":53.1046739892,"Capacity_std":248.3821511389,"Capacity_mean":226.1980334619,"LCOT_std":6.4038806076,"LCOT_mean":3.8425072525,"Dist_Km_std":51.7892883708,"Dist_Km_mean":41.6954241707,"Area_Sq_Km_std":16.7869885913,"Area_Sq_Km_mean":16.6813528555,"ATB_cat":"2030 Low Cost","Siting_Regime":"Reference","Scenario":"Reference Access - Low"},"Reference Access - Current":{"Mean_CF_std":0.1188311813,"Mean_CF_mean":0.394586647,"Site_LCOE_std":21.3845271298,"Site_LCOE_mean":74.8063047837,"All_in_LCOE_std":25.5810774723,"All_in_LCOE_mean":81.0687622516,"Capacity_std":218.6358258174,"Capacity_mean":288.5471744628,"LCOT_std":8.8559862415,"LCOT_mean":6.2624574679,"Dist_Km_std":56.752177452,"Dist_Km_mean":51.6383782312,"Area_Sq_Km_std":36.5574949417,"Area_Sq_Km_mean":38.6922924777,"ATB_cat":"Current Technology","Siting_Regime":"Reference","Scenario":"Reference Access - Current"}}