{"Mean_CF":{"count":67394.0,"mean":0.3965221431,"std":0.0706650558,"min":0.1492826194,"25%":0.3531213924,"50%":0.3950000107,"75%":0.451000005,"max":0.5706315637},"Site_LCOE":{"count":67394.0,"mean":49.741664842,"std":41.5133034174,"min":16.4713745117,"25%":25.2386474609,"50%":33.2747688293,"75%":51.6996622086,"max":190.6284942627},"All-in_LCOE":{"count":67394.0,"mean":53.1090931057,"std":44.0286065257,"min":16.9731920218,"25%":26.4912930827,"50%":35.0710565855,"75%":55.7865424051,"max":199.9694180626},"Capacity":{"count":67394.0,"mean":265.0451246736,"std":186.0091540188,"min":0.0243,"25%":100.0188,"50%":255.0528,"75%":386.856,"max":600.0},"LCOT":{"count":67394.0,"mean":3.3674282638,"std":4.1153838633,"min":0.0018535757,"25%":0.4528179102,"50%":1.4787289035,"75%":5.0373444092,"max":33.5911644063},"Dist_Km":{"count":67394.0,"mean":62.542484207,"std":69.474572872,"min":0.0009855535,"25%":7.27037892,"50%":30.2794605723,"75%":106.0653952034,"max":334.2746675596},"Area_Sq_Km":{"count":67394.0,"mean":60.9350146514,"std":48.418900905,"min":0.0081,"25%":9.8172,"50%":54.3348,"75%":112.6224,"max":132.7104}}