{"mean_Mean_CF":{"count":9756.0,"mean":0.3574124384,"std":0.0902050119,"min":0.0854309276,"25%":0.2989542932,"50%":0.3597808604,"75%":0.4190034484,"max":0.648999989},"stdev_Mean_CF":{"count":9756.0,"mean":0.0277838228,"std":0.018228997,"min":0.0,"25%":0.0124619753,"50%":0.0366383374,"75%":0.0429265256,"max":0.0750008158},"mean_Site_LCOE":{"count":9756.0,"mean":66.6003809219,"std":47.236934772,"min":23.6823436192,"25%":33.7064843177,"50%":43.4282135282,"75%":82.8295949981,"max":197.7283172607},"stdev_Site_LCOE":{"count":9756.0,"mean":11.6315241098,"std":7.7091713068,"min":0.0,"25%":8.8146509493,"50%":12.2685194694,"75%":16.4783418668,"max":43.2539243238},"mean_All-in_LCOE":{"count":9756.0,"mean":71.1651585308,"std":49.7838274061,"min":24.3173409621,"25%":35.6530427362,"50%":46.1627620572,"75%":94.2545478765,"max":199.9955984357},"stdev_All-in_LCOE":{"count":9756.0,"mean":12.6399153415,"std":8.2001124748,"min":0.0,"25%":9.1432780806,"50%":12.9897220219,"75%":17.4569525785,"max":50.1069422469},"mean_Capacity":{"count":9756.0,"mean":284.4005898708,"std":194.2809207756,"min":0.0133602539,"25%":150.7884428571,"50%":247.0233857143,"75%":354.7105714285,"max":600.0},"stdev_Capacity":{"count":9756.0,"mean":67.9498783735,"std":58.3331233988,"min":0.0,"25%":0.5878361551,"50%":65.8513436245,"75%":122.1630326253,"max":209.3521830727},"mean_LCOT":{"count":9756.0,"mean":4.5647776089,"std":5.3888196922,"min":0.0103412165,"25%":0.7414220421,"50%":2.5750035816,"75%":6.6617428429,"max":44.4255661985},"stdev_LCOT":{"count":9756.0,"mean":1.3801780753,"std":1.9382518013,"min":0.0,"25%":0.2176843688,"50%":0.6755455242,"75%":1.8272415676,"max":26.6414471459},"mean_Dist_Km":{"count":9756.0,"mean":67.6990667239,"std":68.4550287047,"min":0.0002640908,"25%":10.2903199944,"50%":41.0621544598,"75%":115.7022483772,"max":329.5490343905},"stdev_Dist_Km":{"count":9756.0,"mean":14.1666081125,"std":21.3355427127,"min":0.0,"25%":0.0,"50%":2.9401622152,"75%":21.3011631275,"max":124.2766433606},"mean_Area_Sq_Km":{"count":9756.0,"mean":50.2401310229,"std":39.5775335523,"min":0.004453418,"25%":4.0,"50%":54.7837714285,"75%":84.3869571428,"max":132.7104},"stdev_Area_Sq_Km":{"count":9756.0,"mean":22.6499594578,"std":19.4443744663,"min":0.0,"25%":0.195945385,"50%":21.9504478748,"75%":40.7210108751,"max":69.7840610242},"num_values":{"count":9756.0,"mean":6.811295613,"std":0.4986496603,"min":2.0,"25%":7.0,"50%":7.0,"75%":7.0,"max":7.0}}