{"Mean_CF":{"count":68026.0,"mean":0.3962001193,"std":0.0704205496,"min":0.1492826194,"25%":0.3531177267,"50%":0.3939999938,"75%":0.45034796,"max":0.5706315637},"Site_LCOE":{"count":68026.0,"mean":51.0474845806,"std":43.4666165095,"min":16.4713745117,"25%":25.291490078,"50%":33.4509830475,"75%":52.6079454422,"max":200.0},"All_in_LCOE":{"count":68026.0,"mean":54.5219391057,"std":46.1899886732,"min":16.9731920218,"25%":26.5392562585,"50%":35.2456012723,"75%":56.603405497,"max":200.0},"Capacity":{"count":68026.0,"mean":268.1570448395,"std":187.9112465518,"min":0.0243,"25%":101.088,"50%":258.552,"75%":387.828,"max":600.0},"LCOT":{"count":68026.0,"mean":3.474454525,"std":4.2568338747,"min":0.0018535757,"25%":0.4575993529,"50%":1.5186561964,"75%":5.1607606713,"max":20.0},"Dist_Km":{"count":68026.0,"mean":63.9540371223,"std":70.7966032235,"min":0.0009855535,"25%":7.3547756667,"50%":30.9973245102,"75%":108.563690237,"max":334.2746675596},"Area_Sq_Km":{"count":68026.0,"mean":60.4060561758,"std":48.5020188913,"min":0.0081,"25%":8.91,"50%":53.4276,"75%":112.104,"max":132.7104}}