{"mean_Mean_CF":{"count":9872.0,"mean":0.3960880272,"std":0.0602969201,"min":0.1715428552,"25%":0.3507790598,"50%":0.3959999979,"75%":0.444857128,"max":0.5359456965},"stdev_Mean_CF":{"count":9872.0,"mean":0.0362239225,"std":0.0161009209,"min":0.0,"25%":0.0367309816,"50%":0.0419520128,"75%":0.0458454795,"max":0.0699368725},"mean_Site_LCOE":{"count":9872.0,"mean":50.7771418422,"std":41.8157853189,"min":24.0120628902,"25%":29.7263402598,"50%":34.7723503112,"75%":40.7334254128,"max":200.0},"stdev_Site_LCOE":{"count":9872.0,"mean":10.4805206374,"std":5.1189974382,"min":0.0,"25%":9.0539872789,"50%":11.0533322949,"75%":13.7803876829,"max":200.0},"mean_All_in_LCOE":{"count":9872.0,"mean":54.2142390243,"std":44.3914897629,"min":24.5884277837,"25%":31.5366954324,"50%":36.9376059798,"75%":44.2995336028,"max":200.0},"stdev_All_in_LCOE":{"count":9872.0,"mean":11.3894073625,"std":5.3581015306,"min":0.0303360221,"25%":9.5279569785,"50%":11.9798745946,"75%":14.6542413929,"max":200.0},"mean_Capacity":{"count":9872.0,"mean":266.505762517,"std":165.5762798348,"min":0.0243,"25%":153.2592321429,"50%":257.4585,"75%":315.7611428572,"max":600.0},"stdev_Capacity":{"count":9872.0,"mean":78.9346850436,"std":53.9860196894,"min":0.0,"25%":30.9008129699,"50%":82.6338315225,"75%":126.2333900819,"max":209.3716886986},"mean_LCOT":{"count":9872.0,"mean":3.437097182,"std":3.9759884942,"min":0.0023840607,"25%":0.6446457215,"50%":1.9148682252,"75%":4.7406988927,"max":20.0},"stdev_LCOT":{"count":9872.0,"mean":1.1264889284,"std":1.108763379,"min":0.00053622,"25%":0.2269447372,"50%":0.8045078844,"75%":1.7054630283,"max":20.0},"mean_Dist_Km":{"count":9872.0,"mean":63.2903596799,"std":66.7630003091,"min":0.0009855535,"25%":10.7135323365,"50%":37.9344420056,"75%":98.3094699539,"max":334.2746675596},"stdev_Dist_Km":{"count":9872.0,"mean":15.3945861345,"std":19.3676970689,"min":0.0,"25%":4.796711693e-16,"50%":6.4704797092,"75%":25.7891669285,"max":117.0300811113},"mean_Area_Sq_Km":{"count":9872.0,"mean":60.3445734592,"std":38.5246012998,"min":0.0081,"25%":21.3241178572,"50%":69.2827714286,"75%":92.948175,"max":131.1181714286},"stdev_Area_Sq_Km":{"count":9872.0,"mean":26.3115616812,"std":17.9953398965,"min":0.0,"25%":10.3002709899,"50%":27.5446105075,"75%":42.077796694,"max":69.7905628995},"num_values":{"count":9872.0,"mean":6.8809764992,"std":0.3727018034,"min":3.0,"25%":7.0,"50%":7.0,"75%":7.0,"max":7.0}}