{"Limited Access - Mid":{"Mean_CF_std":0.0609355905,"Mean_CF_mean":0.4042411892,"Site_LCOE_std":44.9399187176,"Site_LCOE_mean":50.1466775095,"All_in_LCOE_std":47.7937920167,"All_in_LCOE_mean":52.5547090893,"Capacity_std":211.4030993297,"Capacity_mean":146.8533767837,"LCOT_std":3.9654803504,"LCOT_mean":2.4080315799,"Dist_Km_std":69.7363501892,"Dist_Km_mean":45.1369089633,"Area_Sq_Km_std":23.3351591197,"Area_Sq_Km_mean":16.9420778678,"ATB_cat":"2030 Mid-Case","Siting_Regime":"Limited Access","Scenario":"Limited Access - Mid"},"Open Access - Mid":{"Mean_CF_std":0.0604316698,"Mean_CF_mean":0.4058301136,"Site_LCOE_std":42.8514236885,"Site_LCOE_mean":47.850566754,"All_in_LCOE_std":45.2107313253,"All_in_LCOE_mean":51.3805604208,"Capacity_std":160.2766779602,"Capacity_mean":327.1297885177,"LCOT_std":3.8131781722,"LCOT_mean":3.5299936668,"Dist_Km_std":70.4717128354,"Dist_Km_mean":73.2071704147,"Area_Sq_Km_std":49.447959148,"Area_Sq_Km_mean":80.5814130113,"ATB_cat":"2030 Mid-Case","Siting_Regime":"Open Access","Scenario":"Open Access - Mid"},"Open Access - Low":{"Mean_CF_std":0.0626006557,"Mean_CF_mean":0.4318171086,"Site_LCOE_std":45.653843909,"Site_LCOE_mean":40.5141728289,"All_in_LCOE_std":48.0166611322,"All_in_LCOE_mean":43.8520152868,"Capacity_std":160.2766779602,"Capacity_mean":327.1297885177,"LCOT_std":3.7241091939,"LCOT_mean":3.337842458,"Dist_Km_std":71.0045355631,"Dist_Km_mean":72.6111640892,"Area_Sq_Km_std":49.447959148,"Area_Sq_Km_mean":80.5814130113,"ATB_cat":"2030 Low Cost","Siting_Regime":"Open Access","Scenario":"Open Access - Low"},"Open Access - Current":{"Mean_CF_std":0.0635279524,"Mean_CF_mean":0.3471162715,"Site_LCOE_std":36.8920928926,"Site_LCOE_mean":65.037444155,"All_in_LCOE_std":39.7352842179,"All_in_LCOE_mean":69.8606187385,"Capacity_std":160.2766779602,"Capacity_mean":327.1297885177,"LCOT_std":4.8922264728,"LCOT_mean":4.8231745834,"Dist_Km_std":69.9362359581,"Dist_Km_mean":73.908921112,"Area_Sq_Km_std":49.447959148,"Area_Sq_Km_mean":80.5814130113,"ATB_cat":"Current Technology","Siting_Regime":"Open Access","Scenario":"Open Access - Current"},"Reference Access - Mid":{"Mean_CF_std":0.0604026783,"Mean_CF_mean":0.4061983254,"Site_LCOE_std":42.9881778765,"Site_LCOE_mean":47.9360748185,"All_in_LCOE_std":45.5719084465,"All_in_LCOE_mean":50.7121757008,"Capacity_std":182.0975152693,"Capacity_mean":213.4821133533,"LCOT_std":3.8271730298,"LCOT_mean":2.7761008823,"Dist_Km_std":69.1809981605,"Dist_Km_mean":55.2064155921,"Area_Sq_Km_std":33.1206865937,"Area_Sq_Km_mean":42.5171572122,"ATB_cat":"2030 Mid-Case","Siting_Regime":"Reference","Scenario":"Reference Access - Mid"},"Reference Access - Low":{"Mean_CF_std":0.0625833485,"Mean_CF_mean":0.43221698,"Site_LCOE_std":45.8060805054,"Site_LCOE_mean":40.6235801697,"All_in_LCOE_std":48.3952825308,"All_in_LCOE_mean":43.2098028597,"Capacity_std":184.5715779295,"Capacity_mean":204.3847121645,"LCOT_std":3.7501419066,"LCOT_mean":2.58622269,"Dist_Km_std":69.3013203086,"Dist_Km_mean":53.1759294649,"Area_Sq_Km_std":31.9720855988,"Area_Sq_Km_mean":39.47011773,"ATB_cat":"2030 Low Cost","Siting_Regime":"Reference","Scenario":"Reference Access - Low"},"Reference Access - Current":{"Mean_CF_std":0.063673119,"Mean_CF_mean":0.3470486241,"Site_LCOE_std":36.9039011199,"Site_LCOE_mean":65.0637758677,"All_in_LCOE_std":39.7875022813,"All_in_LCOE_mean":69.8036831169,"Capacity_std":161.5849401564,"Capacity_mean":317.6289655341,"LCOT_std":4.9049397165,"LCOT_mean":4.7399072492,"Dist_Km_std":69.8609859332,"Dist_Km_mean":72.3533786505,"Area_Sq_Km_std":48.0716782184,"Area_Sq_Km_mean":77.4000638716,"ATB_cat":"Current Technology","Siting_Regime":"Reference","Scenario":"Reference Access - Current"}}