{"Mean_CF":{"count":42811.0,"mean":0.2729384337,"std":0.0999800856,"min":0.0529888719,"25%":0.2054422274,"50%":0.259143889,"75%":0.3215220124,"max":0.648999989},"Site_LCOE":{"count":42811.0,"mean":70.2406452287,"std":35.723102233,"min":17.2342891693,"25%":42.6957702637,"50%":59.3892173767,"75%":89.460193634,"max":198.5823516846},"All-in_LCOE":{"count":42811.0,"mean":74.8834791691,"std":37.8344086775,"min":17.4500744995,"25%":45.5512278226,"50%":63.6345635259,"75%":96.2718993661,"max":199.9063748506},"Capacity":{"count":42811.0,"mean":234.827075132,"std":179.6665443248,"min":0.0235762207,"25%":72.6084,"50%":218.1168,"75%":363.9168,"max":600.0},"LCOT":{"count":42811.0,"mean":4.6428339404,"std":5.609345348,"min":0.0089132708,"25%":0.9761911395,"50%":2.6462789647,"75%":6.2334585463,"max":59.1758932961},"Dist_Km":{"count":42811.0,"mean":46.8700601628,"std":49.7313682833,"min":0.0012443658,"25%":8.1383426233,"50%":26.2531127121,"75%":75.7883499987,"max":244.8379016541},"Area_Sq_Km":{"count":42811.0,"mean":57.7650752803,"std":46.8268705635,"min":0.0078587402,"25%":9.73215,"50%":49.7664,"75%":104.652,"max":132.7104}}