{"mean_Mean_CF":{"count":6746.0,"mean":0.3588747426,"std":0.0982301492,"min":0.0587232374,"25%":0.2878420976,"50%":0.3679695257,"75%":0.4372898191,"max":0.6200000048},"stdev_Mean_CF":{"count":6746.0,"mean":0.0324847733,"std":0.0135660625,"min":0.0,"25%":0.0223267104,"50%":0.0371521453,"75%":0.0425734894,"max":0.0942050132},"mean_Site_LCOE":{"count":6746.0,"mean":46.9260871477,"std":23.5693803053,"min":23.2868982043,"25%":31.6997441451,"50%":38.9669475556,"75%":51.9982008253,"max":176.6237030029},"stdev_Site_LCOE":{"count":6746.0,"mean":13.9155531035,"std":6.2346824156,"min":0.0,"25%":10.3373489975,"50%":12.9724709924,"75%":16.8569775987,"max":56.1601168875},"mean_All-in_LCOE":{"count":6746.0,"mean":50.6122031104,"std":25.6351582365,"min":23.6325899467,"25%":33.7552121038,"50%":41.286718223,"75%":57.3354257102,"max":182.9625422889},"stdev_All-in_LCOE":{"count":6746.0,"mean":14.964871583,"std":6.7873389784,"min":0.0153406621,"25%":11.114078928,"50%":13.7191747986,"75%":18.2624571591,"max":58.9870283547},"mean_Capacity":{"count":6746.0,"mean":215.7234977618,"std":134.239434479,"min":0.0243,"25%":122.5110535714,"50%":222.3259071429,"75%":282.2931,"max":600.0},"stdev_Capacity":{"count":6746.0,"mean":81.912228702,"std":52.1982584291,"min":0.0,"25%":36.5472360426,"50%":85.9093808259,"75%":126.8593301333,"max":232.2413026848},"mean_LCOT":{"count":6746.0,"mean":3.6861159628,"std":4.3684362227,"min":0.0094536085,"25%":0.6991401557,"50%":2.0991823762,"75%":5.0766477218,"max":37.2008734078},"stdev_LCOT":{"count":6746.0,"mean":1.5004924408,"std":1.9550909408,"min":0.0016397788,"25%":0.2177245516,"50%":0.7825446818,"75%":2.0918011939,"max":21.9879125342},"mean_Dist_Km":{"count":6746.0,"mean":55.5046686776,"std":57.7792741117,"min":0.0003010406,"25%":10.5068634552,"50%":33.511046177,"75%":85.1199071606,"max":343.2088555778},"stdev_Dist_Km":{"count":6746.0,"mean":17.4002157574,"std":23.0784177543,"min":0.0,"25%":9.593423387e-16,"50%":7.1580075312,"75%":27.2162640964,"max":176.5978077307},"mean_Area_Sq_Km":{"count":6746.0,"mean":61.3901925042,"std":35.4756132458,"min":0.0081,"25%":30.4675714286,"50%":69.2902928572,"75%":89.1776732143,"max":132.7104},"stdev_Area_Sq_Km":{"count":6746.0,"mean":27.304076234,"std":17.3994194764,"min":0.0,"25%":12.1824120142,"50%":28.6364602753,"75%":42.2864433777,"max":77.4137675616},"num_values":{"count":6746.0,"mean":6.7721612808,"std":0.6032788945,"min":2.0,"25%":7.0,"50%":7.0,"75%":7.0,"max":7.0}}