{"Mean_CF":{"count":44012.0,"mean":0.2678948059,"std":0.103739508,"min":0.0130873714,"25%":0.2010399587,"50%":0.2566232681,"75%":0.3190817982,"max":0.648999989},"Site_LCOE":{"count":44012.0,"mean":76.3804821341,"std":57.4745187936,"min":17.2342891693,"25%":43.1207170486,"50%":60.5770130157,"75%":93.346408844,"max":200.0},"All_in_LCOE":{"count":44012.0,"mean":81.5038613176,"std":61.898655096,"min":17.4500744995,"25%":45.9670384963,"50%":64.8645622568,"75%":100.6916277583,"max":200.0},"Capacity":{"count":44012.0,"mean":234.7676432063,"std":179.7106839204,"min":0.0231016113,"25%":72.2196,"50%":218.7972,"75%":364.1112,"max":600.0},"LCOT":{"count":44012.0,"mean":5.1233791835,"std":8.3623832525,"min":0.0089132708,"25%":0.9996704404,"50%":2.7170722065,"75%":6.484913969,"max":20.0},"Dist_Km":{"count":44012.0,"mean":46.4962999895,"std":49.501676244,"min":0.0012443658,"25%":8.1003838846,"50%":25.9975185379,"75%":74.1640750222,"max":244.8379016541},"Area_Sq_Km":{"count":44012.0,"mean":57.8061855312,"std":46.8945096618,"min":0.0077005371,"25%":9.572175,"50%":49.8636,"75%":104.7168,"max":132.7104}}