{"mean_Mean_CF":{"count":6820.0,"mean":0.2660305104,"std":0.1016362771,"min":0.0141738901,"25%":0.2030520998,"50%":0.256762975,"75%":0.3161212323,"max":0.648999989},"stdev_Mean_CF":{"count":6820.0,"mean":0.0185705664,"std":0.0096100307,"min":0.0,"25%":0.0134075737,"50%":0.019461338,"75%":0.0246064767,"max":0.1226642391},"mean_Site_LCOE":{"count":6820.0,"mean":76.6959190418,"std":52.8764214559,"min":24.7534070696,"25%":48.8499957323,"50%":60.5614452362,"75%":85.4903026308,"max":200.0},"stdev_Site_LCOE":{"count":6820.0,"mean":21.704481611,"std":18.7373728977,"min":0.0,"25%":14.2445281593,"50%":18.608322993,"75%":24.4810310462,"max":200.0},"mean_All_in_LCOE":{"count":6820.0,"mean":81.8858131,"std":56.6308250252,"min":24.9947176361,"25%":51.4740173985,"50%":65.1919001291,"75%":93.7421272646,"max":200.0},"stdev_All_in_LCOE":{"count":6820.0,"mean":23.332337699,"std":20.4061137114,"min":0.0106027176,"25%":14.7229430775,"50%":19.635837268,"75%":26.6967623275,"max":200.0},"mean_Capacity":{"count":6820.0,"mean":233.6320363289,"std":150.403132859,"min":0.0235762207,"25%":143.667675,"50%":217.0302428572,"75%":283.4221821428,"max":600.0},"stdev_Capacity":{"count":6820.0,"mean":83.688298574,"std":58.7921325246,"min":0.0,"25%":19.6146215002,"50%":96.8864790374,"75%":133.6248904155,"max":213.3937490769},"mean_LCOT":{"count":6820.0,"mean":5.1898940582,"std":6.502251565,"min":0.0110611453,"25%":1.3657485963,"50%":3.3576926293,"75%":7.0018676086,"max":20.0},"stdev_LCOT":{"count":6820.0,"mean":2.5239671455,"std":5.1313213272,"min":0.0023831832,"25%":0.348558299,"50%":1.0158198866,"75%":2.8510449883,"max":20.0},"mean_Dist_Km":{"count":6820.0,"mean":45.5394603053,"std":43.1206383407,"min":0.0058726142,"25%":11.6478317485,"50%":30.4548565316,"75%":69.057447752,"max":212.7339769212},"stdev_Dist_Km":{"count":6820.0,"mean":15.2062186202,"std":19.1395026759,"min":0.0,"25%":0.0178975023,"50%":7.4197742098,"75%":23.5459281649,"max":111.5189679772},"mean_Area_Sq_Km":{"count":6820.0,"mean":59.0532985222,"std":35.3660001621,"min":0.0078587402,"25%":30.7295196428,"50%":64.7587285715,"75%":84.4358464286,"max":132.7104},"stdev_Area_Sq_Km":{"count":6820.0,"mean":27.8960995247,"std":19.5973775082,"min":0.0,"25%":6.5382071667,"50%":32.2954930124,"75%":44.5416301385,"max":71.1312496923},"num_values":{"count":6820.0,"mean":6.4247800587,"std":1.1233116362,"min":3.0,"25%":6.0,"50%":7.0,"75%":7.0,"max":7.0}}