{"Limited Access - Mid":{"Mean_CF_std":0.1083313016,"Mean_CF_mean":0.2758843325,"Site_LCOE_std":48.9884247435,"Site_LCOE_mean":73.5083662398,"All_in_LCOE_std":50.2461326578,"All_in_LCOE_mean":75.5458684381,"Capacity_std":200.2860823537,"Capacity_mean":111.6186893015,"LCOT_std":2.4022321315,"LCOT_mean":2.0375021983,"Dist_Km_std":36.3241938326,"Dist_Km_mean":25.2275735867,"Area_Sq_Km_std":12.6323195893,"Area_Sq_Km_mean":9.8321612128,"ATB_cat":"2030 Mid-Case","Siting_Regime":"Limited Access","Scenario":"Limited Access - Mid"},"Open Access - Mid":{"Mean_CF_std":0.1012626794,"Mean_CF_mean":0.2704202399,"Site_LCOE_std":49.7961862671,"Site_LCOE_mean":71.2520284896,"All_in_LCOE_std":55.2150729303,"All_in_LCOE_mean":77.359827985,"Capacity_std":148.7632621842,"Capacity_mean":306.5643311245,"LCOT_std":9.4057845651,"LCOT_mean":6.1077994954,"Dist_Km_std":52.8930367095,"Dist_Km_mean":56.7331318092,"Area_Sq_Km_std":45.9776134995,"Area_Sq_Km_mean":83.4261083319,"ATB_cat":"2030 Mid-Case","Siting_Regime":"Open Access","Scenario":"Open Access - Mid"},"Open Access - Low":{"Mean_CF_std":0.1011050824,"Mean_CF_mean":0.2835358992,"Site_LCOE_std":42.0505869026,"Site_LCOE_mean":55.2853579452,"All_in_LCOE_std":46.6247398915,"All_in_LCOE_mean":61.0050831033,"Capacity_std":148.7632621842,"Capacity_mean":306.5643311245,"LCOT_std":8.6825665773,"LCOT_mean":5.7197251581,"Dist_Km_std":53.1800948677,"Dist_Km_mean":56.487888181,"Area_Sq_Km_std":45.9776134995,"Area_Sq_Km_mean":83.4261083319,"ATB_cat":"2030 Low Cost","Siting_Regime":"Open Access","Scenario":"Open Access - Low"},"Open Access - Current":{"Mean_CF_std":0.1029529712,"Mean_CF_mean":0.2447229362,"Site_LCOE_std":70.5001260216,"Site_LCOE_mean":104.1018237269,"All_in_LCOE_std":79.229454385,"All_in_LCOE_mean":112.6169591867,"Capacity_std":148.7632621842,"Capacity_mean":306.5643311245,"LCOT_std":13.6199975541,"LCOT_mean":8.5151354598,"Dist_Km_std":52.7215247406,"Dist_Km_mean":57.4728848936,"Area_Sq_Km_std":45.9776134995,"Area_Sq_Km_mean":83.4261083319,"ATB_cat":"Current Technology","Siting_Regime":"Open Access","Scenario":"Open Access - Current"},"Reference Access - Mid":{"Mean_CF_std":0.1011532392,"Mean_CF_mean":0.2724894964,"Site_LCOE_std":48.392347409,"Site_LCOE_mean":70.6825605759,"All_in_LCOE_std":50.0344495431,"All_in_LCOE_mean":73.9069601255,"Capacity_std":169.092155798,"Capacity_mean":163.0380926077,"LCOT_std":3.6915953992,"LCOT_mean":3.2243995497,"Dist_Km_std":43.4021223786,"Dist_Km_mean":37.0809989613,"Area_Sq_Km_std":28.0009787353,"Area_Sq_Km_mean":33.7111408034,"ATB_cat":"2030 Mid-Case","Siting_Regime":"Reference","Scenario":"Reference Access - Mid"},"Reference Access - Low":{"Mean_CF_std":0.100561184,"Mean_CF_mean":0.2857720111,"Site_LCOE_std":41.7182533893,"Site_LCOE_mean":55.1526328688,"All_in_LCOE_std":43.1492018576,"All_in_LCOE_mean":58.0945340936,"Capacity_std":169.9595633558,"Capacity_mean":156.2302609018,"LCOT_std":3.4020753559,"LCOT_mean":2.9419012247,"Dist_Km_std":43.097657436,"Dist_Km_mean":35.858560201,"Area_Sq_Km_std":26.881164191,"Area_Sq_Km_mean":31.4385513868,"ATB_cat":"2030 Low Cost","Siting_Regime":"Reference","Scenario":"Reference Access - Low"},"Reference Access - Current":{"Mean_CF_std":0.1037756767,"Mean_CF_mean":0.2451418752,"Site_LCOE_std":68.2647474038,"Site_LCOE_mean":103.5416264492,"All_in_LCOE_std":71.5709868825,"All_in_LCOE_mean":109.5928558087,"Capacity_std":165.3533273544,"Capacity_mean":240.8990572045,"LCOT_std":7.013242175,"LCOT_mean":6.0512293595,"Dist_Km_std":49.0145332583,"Dist_Km_mean":48.2423156877,"Area_Sq_Km_std":41.6427095007,"Area_Sq_Km_mean":59.8745864497,"ATB_cat":"Current Technology","Siting_Regime":"Reference","Scenario":"Reference Access - Current"}}