{"Mean_CF":{"count":447488.0,"mean":0.3578705298,"std":0.1001262287,"min":0.0130873714,"25%":0.2966117784,"50%":0.3739798814,"75%":0.4474627152,"max":0.648999989},"Site_LCOE":{"count":447488.0,"mean":55.4299862297,"std":43.2592134981,"min":16.4328136444,"25%":27.4176974297,"50%":51.1010150909,"75%":76.8453922272,"max":200.0},"All_in_LCOE":{"count":447488.0,"mean":59.47640942,"std":45.9646614748,"min":16.7493155415,"25%":28.8267806436,"50%":55.2374494036,"75%":84.2184105745,"max":200.0},"Capacity":{"count":447488.0,"mean":243.1371103232,"std":183.2908829026,"min":0.0133602539,"25%":95.4504,"50%":241.6392,"75%":370.5264,"max":600.0},"LCOT":{"count":447488.0,"mean":4.0464231903,"std":5.4722139535,"min":0.0017766098,"25%":0.8244479248,"50%":2.9913077101,"75%":7.1474521734,"max":20.0},"Dist_Km":{"count":447488.0,"mean":60.474893453,"std":66.1797234987,"min":0.0002611453,"25%":9.719164839,"50%":41.4399043663,"75%":116.0710051419,"max":371.8856115122},"Area_Sq_Km":{"count":447488.0,"mean":57.8513831464,"std":47.1467648861,"min":0.004453418,"25%":9.969075,"50%":52.3908,"75%":106.8552,"max":132.7104}}