{"mean_Mean_CF":{"count":65672.0,"mean":0.3564672076,"std":0.095349126,"min":0.0141738901,"25%":0.2912146247,"50%":0.3610000014,"75%":0.4296603357,"max":0.648999989},"stdev_Mean_CF":{"count":65672.0,"mean":0.0307147454,"std":0.0154581222,"min":0.0,"25%":0.0197564651,"50%":0.0367770772,"75%":0.0425969889,"max":0.1226642391},"mean_Site_LCOE":{"count":65672.0,"mean":55.4292374365,"std":40.7497733735,"min":23.2868982043,"25%":32.4294582094,"50%":40.4474424635,"75%":56.8281728199,"max":200.0},"stdev_Site_LCOE":{"count":65672.0,"mean":13.4782872347,"std":8.9827341706,"min":0.0,"25%":9.9952555728,"50%":12.8777698473,"75%":16.7353529202,"max":200.0},"mean_All_in_LCOE":{"count":65672.0,"mean":59.4639821477,"std":43.1952872387,"min":23.6325899467,"25%":34.5793341339,"50%":42.820336393,"75%":63.5092942242,"max":200.0},"stdev_All_in_LCOE":{"count":65672.0,"mean":14.5431705704,"std":9.7140899916,"min":0.0040263425,"25%":10.6826188062,"50%":13.5925032933,"75%":17.9214707105,"max":200.0},"mean_Capacity":{"count":65672.0,"mean":240.7690741177,"std":160.9865072242,"min":0.0133602539,"25%":133.0234071428,"50%":229.93875,"75%":299.3985642857,"max":600.0},"stdev_Capacity":{"count":65672.0,"mean":76.7673340097,"std":54.2970198804,"min":0.0,"25%":25.3078707173,"50%":79.6492322391,"75%":124.2051403767,"max":214.5471288717},"mean_LCOT":{"count":65672.0,"mean":4.0347447112,"std":4.8599302547,"min":0.0022266238,"25%":0.7273289047,"50%":2.3222848533,"75%":5.7225446649,"max":20.0},"stdev_LCOT":{"count":65672.0,"mean":1.4800493543,"std":2.3273717347,"min":0.0004925578,"25%":0.2228775733,"50%":0.7633641332,"75%":1.9839516097,"max":20.0},"mean_Dist_Km":{"count":65672.0,"mean":59.8204493507,"std":60.9858679512,"min":0.0002640908,"25%":10.5312553653,"50%":36.416293661,"75%":97.2308601347,"max":363.1953521965},"stdev_Dist_Km":{"count":65672.0,"mean":15.9546321548,"std":22.0015496347,"min":0.0,"25%":0.0,"50%":5.4370832577,"75%":25.1971806967,"max":191.8003756069},"mean_Area_Sq_Km":{"count":65672.0,"mean":57.7171937074,"std":37.3018064069,"min":0.004453418,"25%":20.331928125,"50%":64.8335571428,"75%":87.8904964286,"max":132.7104},"stdev_Area_Sq_Km":{"count":65672.0,"mean":25.5891113366,"std":18.0990066268,"min":0.0,"25%":8.4359569058,"50%":26.5497440797,"75%":41.4017134589,"max":71.5157096239},"num_values":{"count":65672.0,"mean":6.7880832014,"std":0.572282828,"min":3.0,"25%":7.0,"50%":7.0,"75%":7.0,"max":7.0}}