{"Limited Access - Mid":{"Mean_CF_std":0.0965987749,"Mean_CF_mean":0.3702298401,"Site_LCOE_std":42.9012983425,"Site_LCOE_mean":53.404418599,"All_in_LCOE_std":44.9472054957,"All_in_LCOE_mean":55.6029860985,"Capacity_std":199.9135030609,"Capacity_mean":124.5238991546,"LCOT_std":3.4655299936,"LCOT_mean":2.1985674995,"Dist_Km_std":53.9458608028,"Dist_Km_mean":36.7043987941,"Area_Sq_Km_std":21.0218795217,"Area_Sq_Km_mean":14.4906015409,"ATB_cat":"2030 Mid-Case","Siting_Regime":"Limited Access","Scenario":"Limited Access - Mid"},"Open Access - Mid":{"Mean_CF_std":0.0964873982,"Mean_CF_mean":0.364353332,"Site_LCOE_std":40.8437465523,"Site_LCOE_mean":51.8625720849,"All_in_LCOE_std":43.3841634425,"All_in_LCOE_mean":56.1397132148,"Capacity_std":160.511413734,"Capacity_mean":301.6906019664,"LCOT_std":5.3714701542,"LCOT_mean":4.27714113,"Dist_Km_std":67.4470172205,"Dist_Km_mean":69.7773134203,"Area_Sq_Km_std":47.8761334523,"Area_Sq_Km_mean":78.0711945574,"ATB_cat":"2030 Mid-Case","Siting_Regime":"Open Access","Scenario":"Open Access - Mid"},"Open Access - Low":{"Mean_CF_std":0.1000744898,"Mean_CF_mean":0.3864831684,"Site_LCOE_std":41.6090980087,"Site_LCOE_mean":42.1043510395,"All_in_LCOE_std":43.8236074357,"All_in_LCOE_mean":46.135836986,"Capacity_std":160.511413734,"Capacity_mean":301.6906019664,"LCOT_std":5.0797882443,"LCOT_mean":4.0314859465,"Dist_Km_std":67.8146687085,"Dist_Km_mean":69.3678066113,"Area_Sq_Km_std":47.8761334523,"Area_Sq_Km_mean":78.0711945574,"ATB_cat":"2030 Low Cost","Siting_Regime":"Open Access","Scenario":"Open Access - Low"},"Open Access - Current":{"Mean_CF_std":0.0918143282,"Mean_CF_mean":0.3162684993,"Site_LCOE_std":41.8621565803,"Site_LCOE_mean":73.2774601913,"All_in_LCOE_std":45.8326962764,"All_in_LCOE_mean":79.0947974029,"Capacity_std":160.511413734,"Capacity_mean":301.6906019664,"LCOT_std":7.3330248265,"LCOT_mean":5.8173372116,"Dist_Km_std":67.1351375103,"Dist_Km_mean":70.2232783437,"Area_Sq_Km_std":47.8761334523,"Area_Sq_Km_mean":78.0711945574,"ATB_cat":"Current Technology","Siting_Regime":"Open Access","Scenario":"Open Access - Current"},"Reference Access - Mid":{"Mean_CF_std":0.0960732023,"Mean_CF_mean":0.3656449475,"Site_LCOE_std":40.6523860873,"Site_LCOE_mean":51.7102176703,"All_in_LCOE_std":42.7679939765,"All_in_LCOE_mean":54.9959639844,"Capacity_std":175.0766945562,"Capacity_mean":191.3597550741,"LCOT_std":4.4776697005,"LCOT_mean":3.2857463141,"Dist_Km_std":65.3543313022,"Dist_Km_mean":54.1152772838,"Area_Sq_Km_std":33.6789651653,"Area_Sq_Km_mean":40.9122078938,"ATB_cat":"2030 Mid-Case","Siting_Regime":"Reference","Scenario":"Reference Access - Mid"},"Reference Access - Low":{"Mean_CF_std":0.0995748813,"Mean_CF_mean":0.3879138649,"Site_LCOE_std":41.7026784856,"Site_LCOE_mean":42.0729962218,"All_in_LCOE_std":43.6926260262,"All_in_LCOE_mean":45.1224183924,"Capacity_std":176.6640627715,"Capacity_mean":183.8519208017,"LCOT_std":4.2710556184,"LCOT_mean":3.0494221706,"Dist_Km_std":65.1994530486,"Dist_Km_mean":52.4947534232,"Area_Sq_Km_std":32.8479345454,"Area_Sq_Km_mean":38.3873430684,"ATB_cat":"2030 Low Cost","Siting_Regime":"Reference","Scenario":"Reference Access - Low"},"Reference Access - Current":{"Mean_CF_std":0.0918774824,"Mean_CF_mean":0.3165163616,"Site_LCOE_std":41.129828711,"Site_LCOE_mean":73.1177474636,"All_in_LCOE_std":44.0098979814,"All_in_LCOE_mean":78.4561461809,"Capacity_std":166.833259423,"Capacity_mean":275.700808363,"LCOT_std":6.1939635172,"LCOT_mean":5.3383987173,"Dist_Km_std":66.7294023951,"Dist_Km_mean":66.4731363207,"Area_Sq_Km_std":46.0158728497,"Area_Sq_Km_mean":69.1804631352,"ATB_cat":"Current Technology","Siting_Regime":"Reference","Scenario":"Reference Access - Current"}}