{"Mean_CF":{"count":110758.0,"mean":0.2977620827,"std":0.0920729097,"min":0.0754327327,"25%":0.227334749,"50%":0.2849740833,"75%":0.3622424826,"max":0.5921234488},"Site_LCOE":{"count":110758.0,"mean":50.6815393057,"std":23.3693165913,"min":16.4328136444,"25%":33.3967103958,"50%":45.4662971497,"75%":62.0431413651,"max":200.0},"All_in_LCOE":{"count":110758.0,"mean":57.3552513009,"std":27.1000634634,"min":16.7493155415,"25%":37.4562864504,"50%":51.4690821072,"75%":70.0796268027,"max":200.0},"Capacity":{"count":110758.0,"mean":243.3294268103,"std":129.3474022886,"min":0.0199217285,"25%":136.6632,"50%":273.7152,"75%":361.3896,"max":398.1312},"LCOT":{"count":110758.0,"mean":6.6737119953,"std":6.1701364827,"min":0.0051211643,"25%":1.8826199158,"50%":4.9956728087,"75%":9.5122019072,"max":20.0},"Dist_Km":{"count":110758.0,"mean":94.1226920274,"std":72.2081323841,"min":0.0015624752,"25%":31.1587130537,"50%":81.3787463211,"75%":142.6134573966,"max":317.4668050458},"Area_Sq_Km":{"count":110758.0,"mean":81.1098089368,"std":43.1158007629,"min":0.0066405762,"25%":45.5544,"50%":91.2384,"75%":120.4632,"max":132.7104}}