{"mean_Mean_CF":{"count":16257.0,"mean":0.2972415481,"std":0.0889749502,"min":0.0825928769,"25%":0.2291703139,"50%":0.285119916,"75%":0.362475689,"max":0.5654360056},"stdev_Mean_CF":{"count":16257.0,"mean":0.0238261338,"std":0.0083166119,"min":0.0021567237,"25%":0.0175751557,"50%":0.0226571251,"75%":0.0295483441,"max":0.1069838406},"mean_Site_LCOE":{"count":16257.0,"mean":50.8066439979,"std":17.0349828139,"min":23.2868982043,"25%":37.5310072218,"50%":48.1246623993,"75%":60.2169768016,"max":200.0},"stdev_Site_LCOE":{"count":16257.0,"mean":16.4698939903,"std":5.8885300594,"min":6.3993227598,"25%":12.1389921735,"50%":15.4315881307,"75%":19.4712779123,"max":200.0},"mean_All_in_LCOE":{"count":16257.0,"mean":57.4557008936,"std":20.4962956773,"min":23.6325899467,"25%":41.5393462268,"50%":53.8297307549,"75%":69.1300484337,"max":200.0},"stdev_All_in_LCOE":{"count":16257.0,"mean":18.105129486,"std":6.7176545685,"min":6.447047659,"25%":13.009539783,"50%":16.982115081,"75%":21.7744962262,"max":200.0},"mean_Capacity":{"count":16257.0,"mean":241.7509768894,"std":98.6110519264,"min":0.0243,"25%":189.1674,"50%":272.4446571429,"75%":314.2857857143,"max":398.1312},"stdev_Capacity":{"count":16257.0,"mean":81.9158463981,"std":42.2894002925,"min":0.0,"25%":49.4666038398,"50%":83.737595166,"75%":116.6922448708,"max":211.7921565204},"mean_LCOT":{"count":16257.0,"mean":6.6490568957,"std":5.4105803902,"min":0.0214150359,"25%":2.5445884883,"50%":5.3316493589,"75%":9.197740099,"max":20.0},"stdev_LCOT":{"count":16257.0,"mean":2.3602122363,"std":2.1448006696,"min":0.0036189319,"25%":0.7668531236,"50%":1.7579994614,"75%":3.3256554935,"max":20.0},"mean_Dist_Km":{"count":16257.0,"mean":93.656211852,"std":64.264783417,"min":0.0292428826,"25%":40.3014008294,"50%":84.0351970103,"75%":135.5404105951,"max":305.9686091079},"stdev_Dist_Km":{"count":16257.0,"mean":24.3561505007,"std":26.158337089,"min":0.0,"25%":1.0506054708,"50%":15.9538758975,"75%":39.9163189685,"max":141.5734673789},"mean_Area_Sq_Km":{"count":16257.0,"mean":80.5836589631,"std":32.8703506421,"min":0.0081,"25%":63.0558,"50%":90.8148857143,"75%":104.7619285714,"max":132.7104},"stdev_Area_Sq_Km":{"count":16257.0,"mean":27.3052821327,"std":14.0964667642,"min":0.0,"25%":16.4888679466,"50%":27.912531722,"75%":38.8974149569,"max":70.5973855068},"num_values":{"count":16257.0,"mean":6.7854462693,"std":0.4598573541,"min":3.0,"25%":7.0,"50%":7.0,"75%":7.0,"max":7.0}}