{"Limited Access - Mid":{"Mean_CF_std":0.0933632506,"Mean_CF_mean":0.3043814625,"Site_LCOE_std":16.1081589661,"Site_LCOE_mean":46.5455837534,"All_in_LCOE_std":17.231618101,"All_in_LCOE_mean":49.3664180177,"Capacity_std":81.3283128522,"Capacity_mean":85.4700453261,"LCOT_std":3.267280633,"LCOT_mean":2.8208342643,"Dist_Km_std":49.1645875044,"Dist_Km_mean":44.9328491941,"Area_Sq_Km_std":27.1094376174,"Area_Sq_Km_mean":28.4900151087,"ATB_cat":"2030 Mid-Case","Siting_Regime":"Limited Access","Scenario":"Limited Access - Mid"},"Open Access - Mid":{"Mean_CF_std":0.0904271785,"Mean_CF_mean":0.3027541772,"Site_LCOE_std":15.5960621598,"Site_LCOE_mean":46.8271605612,"All_in_LCOE_std":19.1954273408,"All_in_LCOE_mean":53.7187371738,"Capacity_std":112.3816956659,"Capacity_mean":303.8370907767,"LCOT_std":5.493880965,"LCOT_mean":6.8915766126,"Dist_Km_std":71.548116533,"Dist_Km_mean":106.9203724251,"Area_Sq_Km_std":37.460565222,"Area_Sq_Km_mean":101.2790302589,"ATB_cat":"2030 Mid-Case","Siting_Regime":"Open Access","Scenario":"Open Access - Mid"},"Open Access - Low":{"Mean_CF_std":0.0952106121,"Mean_CF_mean":0.3209498952,"Site_LCOE_std":11.3200924729,"Site_LCOE_mean":34.1678978702,"All_in_LCOE_std":14.8207966298,"All_in_LCOE_mean":40.6245847874,"Capacity_std":112.3816956659,"Capacity_mean":303.8370907767,"LCOT_std":5.194412208,"LCOT_mean":6.4566869173,"Dist_Km_std":72.1670049852,"Dist_Km_mean":106.3204828583,"Area_Sq_Km_std":37.460565222,"Area_Sq_Km_mean":101.2790302589,"ATB_cat":"2030 Low Cost","Siting_Regime":"Open Access","Scenario":"Open Access - Low"},"Open Access - Current":{"Mean_CF_std":0.0807278586,"Mean_CF_mean":0.2678146773,"Site_LCOE_std":24.3154143388,"Site_LCOE_mean":72.4486801816,"All_in_LCOE_std":29.0346982253,"All_in_LCOE_mean":81.7427377339,"Capacity_std":112.3816956659,"Capacity_mean":303.8370907767,"LCOT_std":7.3605360803,"LCOT_mean":9.2940575522,"Dist_Km_std":71.2699004764,"Dist_Km_mean":107.0581762667,"Area_Sq_Km_std":37.460565222,"Area_Sq_Km_mean":101.2790302589,"ATB_cat":"Current Technology","Siting_Regime":"Open Access","Scenario":"Open Access - Current"},"Reference Access - Mid":{"Mean_CF_std":0.0906475278,"Mean_CF_mean":0.3024297279,"Site_LCOE_std":15.6595838158,"Site_LCOE_mean":46.8614654404,"All_in_LCOE_std":19.1640419639,"All_in_LCOE_mean":52.8736843053,"Capacity_std":104.2891193501,"Capacity_mean":206.1767106075,"LCOT_std":5.5245460102,"LCOT_mean":6.0122188649,"Dist_Km_std":72.1982490713,"Dist_Km_mean":92.0613289935,"Area_Sq_Km_std":34.7630397834,"Area_Sq_Km_mean":68.7255702025,"ATB_cat":"2030 Mid-Case","Siting_Regime":"Reference","Scenario":"Reference Access - Mid"},"Reference Access - Low":{"Mean_CF_std":0.0954113188,"Mean_CF_mean":0.3207554528,"Site_LCOE_std":11.3491342558,"Site_LCOE_mean":34.1718056764,"All_in_LCOE_std":14.7451371391,"All_in_LCOE_mean":39.7119259523,"Capacity_std":103.063010296,"Capacity_mean":199.5565560392,"LCOT_std":5.2134474636,"LCOT_mean":5.5401202759,"Dist_Km_std":72.6834121231,"Dist_Km_mean":90.0277676478,"Area_Sq_Km_std":34.3543367653,"Area_Sq_Km_mean":66.5188520131,"ATB_cat":"2030 Low Cost","Siting_Regime":"Reference","Scenario":"Reference Access - Low"},"Reference Access - Current":{"Mean_CF_std":0.0811613919,"Mean_CF_mean":0.2666556998,"Site_LCOE_std":24.7803253863,"Site_LCOE_mean":72.8604655941,"All_in_LCOE_std":29.5321835345,"All_in_LCOE_mean":81.780447523,"Capacity_std":119.2851306098,"Capacity_mean":268.4858051935,"LCOT_std":7.4598274859,"LCOT_mean":8.9199819289,"Dist_Km_std":71.6121035109,"Dist_Km_mean":101.6125229091,"Area_Sq_Km_std":39.7617102033,"Area_Sq_Km_mean":89.4952683978,"ATB_cat":"Current Technology","Siting_Regime":"Reference","Scenario":"Reference Access - Current"}}