{"mean_Mean_CF":{"count":4977.0,"mean":0.3556785571,"std":0.096730948,"min":0.0765669756,"25%":0.2856510218,"50%":0.3635944894,"75%":0.4352206375,"max":0.6000000238},"stdev_Mean_CF":{"count":4977.0,"mean":0.0327867419,"std":0.0127154834,"min":0.0,"25%":0.0231087306,"50%":0.036856944,"75%":0.0423789898,"max":0.0774646691},"mean_Site_LCOE":{"count":4977.0,"mean":45.680219597,"std":21.1611968852,"min":24.7187690735,"25%":31.6926885332,"50%":38.6257721583,"75%":50.7179900578,"max":165.6078694661},"stdev_Site_LCOE":{"count":4977.0,"mean":14.2808691706,"std":6.1675515385,"min":0.0,"25%":10.4835057361,"50%":13.2067950414,"75%":16.9435198689,"max":56.1773830231},"mean_All-in_LCOE":{"count":4977.0,"mean":49.1680222586,"std":22.917465068,"min":25.1781963777,"25%":34.0631651686,"50%":41.0438782166,"75%":55.847377831,"max":173.8094818825},"stdev_All-in_LCOE":{"count":4977.0,"mean":15.3278806913,"std":6.7271222112,"min":0.0381929726,"25%":11.3495683742,"50%":13.927399821,"75%":18.29536212,"max":58.6502077012},"mean_Capacity":{"count":4977.0,"mean":213.2444871924,"std":122.7378401946,"min":0.0243,"25%":131.5532571429,"50%":222.0499285714,"75%":281.2759714286,"max":600.0},"stdev_Capacity":{"count":4977.0,"mean":84.8875699314,"std":50.6175178607,"min":0.0,"25%":44.5038519896,"50%":88.0376241952,"75%":128.3389927728,"max":231.1759756082},"mean_LCOT":{"count":4977.0,"mean":3.4878026616,"std":3.8892256689,"min":0.0134863676,"25%":0.732680069,"50%":2.2134193607,"75%":4.8333095401,"max":36.738694207},"stdev_LCOT":{"count":4977.0,"mean":1.4784720082,"std":1.8427666842,"min":0.0024566894,"25%":0.2293599904,"50%":0.8586763059,"75%":2.1041262716,"max":22.6941310008},"mean_Dist_Km":{"count":4977.0,"mean":52.3227182539,"std":51.756870282,"min":0.012767243,"25%":10.832699088,"50%":33.9711020936,"75%":80.5267286065,"max":340.7031830259},"stdev_Dist_Km":{"count":4977.0,"mean":17.2986523792,"std":22.0596858507,"min":0.0,"25%":9.593423387e-16,"50%":7.862002748,"75%":27.7385969559,"max":182.0604994963},"mean_Area_Sq_Km":{"count":4977.0,"mean":64.0322692892,"std":34.4695471196,"min":0.0081,"25%":36.8642571429,"50%":70.7731714286,"75%":90.6343714286,"max":132.7104},"stdev_Area_Sq_Km":{"count":4977.0,"mean":28.2958566438,"std":16.8725059536,"min":0.0,"25%":14.8346173299,"50%":29.3458747317,"75%":42.7796642576,"max":77.0586585361},"num_values":{"count":4977.0,"mean":6.7554751859,"std":0.6708523429,"min":2.0,"25%":7.0,"50%":7.0,"75%":7.0,"max":7.0}}