{"Mean_CF":{"count":87807.0,"mean":0.333600921,"std":0.0697464023,"min":0.107591711,"25%":0.2903398275,"50%":0.3307520747,"75%":0.3685421199,"max":0.5633429289},"Site_LCOE":{"count":87807.0,"mean":80.7500156125,"std":60.1543356475,"min":17.6376972198,"25%":34.1287384033,"50%":55.1033248901,"75%":124.84349823,"max":200.0},"All_in_LCOE":{"count":87807.0,"mean":83.7177039091,"std":62.8904922965,"min":17.8487628232,"25%":34.8901236213,"50%":56.3775044967,"75%":129.4181578545,"max":200.0},"Capacity":{"count":87807.0,"mean":283.8091535891,"std":242.2825147283,"min":0.0133602539,"25%":45.84195,"50%":228.42,"75%":600.0,"max":600.0},"LCOT":{"count":87807.0,"mean":2.9676882965,"std":3.4093092608,"min":0.0045133792,"25%":0.4727275992,"50%":1.1653130235,"75%":4.9300156362,"max":20.0},"Dist_Km":{"count":87807.0,"mean":51.3834665127,"std":63.1124092643,"min":0.0002611453,"25%":5.3406584153,"50%":16.4305498219,"75%":103.9335230683,"max":299.8569687339},"Area_Sq_Km":{"count":87807.0,"mean":31.3612595397,"std":39.8389255212,"min":0.004453418,"25%":4.0,"50%":7.19685,"75%":48.8916,"max":132.0624}}