{"mean_Mean_CF":{"count":12874.0,"mean":0.3330666501,"std":0.0622883241,"min":0.133295436,"25%":0.2945904086,"50%":0.3232474398,"75%":0.358501015,"max":0.5350000262},"stdev_Mean_CF":{"count":12874.0,"mean":0.0278352384,"std":0.0192882421,"min":0.0,"25%":0.0,"50%":0.0384679307,"75%":0.0422988867,"max":0.0997684073},"mean_Site_LCOE":{"count":12874.0,"mean":79.8399837695,"std":58.3015519534,"min":25.860326222,"25%":40.2660935833,"50%":45.6513207754,"75%":120.4855365753,"max":200.0},"stdev_Site_LCOE":{"count":12874.0,"mean":11.4285397708,"std":8.2652541236,"min":0.0,"25%":0.0,"50%":14.4298449601,"75%":17.2328072275,"max":200.0},"mean_All_in_LCOE":{"count":12874.0,"mean":82.7548352538,"std":60.9859021467,"min":26.0977345669,"25%":41.2619646668,"50%":47.2537223836,"75%":125.083695637,"max":200.0},"stdev_All_in_LCOE":{"count":12874.0,"mean":12.0084323284,"std":8.3340490317,"min":0.0040263425,"25%":0.8458898317,"50%":14.7604187832,"75%":17.8829978558,"max":200.0},"mean_Capacity":{"count":12874.0,"mean":278.7205765895,"std":229.5755788287,"min":0.0133602539,"25%":88.3066339285,"50%":205.2950785715,"75%":600.0,"max":600.0},"stdev_Capacity":{"count":12874.0,"mean":55.656074311,"std":61.4964234098,"min":0.0,"25%":0.0,"50%":27.8949739473,"75%":109.1708398205,"max":214.5471288717},"mean_LCOT":{"count":12874.0,"mean":2.9148514842,"std":3.1972601895,"min":0.0075041774,"25%":0.5534295191,"50%":1.3710535901,"75%":4.496188435,"max":20.0},"stdev_LCOT":{"count":12874.0,"mean":0.725421873,"std":0.9887683988,"min":0.0018914508,"25%":0.1391851269,"50%":0.4042046086,"75%":0.8248402006,"max":20.0},"mean_Dist_Km":{"count":12874.0,"mean":50.3668168081,"std":61.6033992777,"min":0.0002640908,"25%":6.545768466,"50%":18.5632892866,"75%":89.349132621,"max":295.8143100607},"stdev_Dist_Km":{"count":12874.0,"mean":5.8718743741,"std":11.3761898569,"min":0.0,"25%":0.0,"50%":4.796711693e-16,"75%":6.5047765043,"max":80.9122901723},"mean_Area_Sq_Km":{"count":12874.0,"mean":31.2477008703,"std":30.5371919872,"min":0.004453418,"25%":4.0,"50%":16.7716285714,"75%":60.3678535714,"max":129.6},"stdev_Area_Sq_Km":{"count":12874.0,"mean":18.5520247703,"std":20.4988078033,"min":0.0,"25%":0.0,"50%":9.2983246491,"75%":36.3902799402,"max":71.5157096239},"num_values":{"count":12874.0,"mean":6.8125679664,"std":0.4901521065,"min":3.0,"25%":7.0,"50%":7.0,"75%":7.0,"max":7.0}}