{"Limited Access - Mid":{"Mean_CF_std":0.062645515,"Mean_CF_mean":0.3429843404,"Site_LCOE_std":63.1071897824,"Site_LCOE_mean":83.5120262618,"All_in_LCOE_std":65.9983302448,"All_in_LCOE_mean":86.0945904656,"Capacity_std":283.8731780283,"Capacity_mean":232.1031921361,"LCOT_std":3.2197521383,"LCOT_mean":2.5825642037,"Dist_Km_std":66.0256488822,"Dist_Km_mean":50.3299281866,"Area_Sq_Km_std":5.5179165121,"Area_Sq_Km_mean":4.3820953529,"ATB_cat":"2030 Mid-Case","Siting_Regime":"Limited Access","Scenario":"Limited Access - Mid"},"Open Access - Mid":{"Mean_CF_std":0.0602837771,"Mean_CF_mean":0.3407780084,"Site_LCOE_std":60.3197394539,"Site_LCOE_mean":76.4163336476,"All_in_LCOE_std":62.7809133601,"All_in_LCOE_mean":79.3934347426,"Capacity_std":217.8418371029,"Capacity_mean":324.3676060904,"LCOT_std":3.1864370436,"LCOT_mean":2.9771010949,"Dist_Km_std":62.3152657564,"Dist_Km_mean":54.7588889995,"Area_Sq_Km_std":47.2542095438,"Area_Sq_Km_mean":46.5286157109,"ATB_cat":"2030 Mid-Case","Siting_Regime":"Open Access","Scenario":"Open Access - Mid"},"Open Access - Low":{"Mean_CF_std":0.0566974144,"Mean_CF_mean":0.3598757209,"Site_LCOE_std":65.0220909874,"Site_LCOE_mean":68.8388635783,"All_in_LCOE_std":67.5152687152,"All_in_LCOE_mean":71.7220168576,"Capacity_std":217.8418371029,"Capacity_mean":324.3676060904,"LCOT_std":3.1702544658,"LCOT_mean":2.8831532793,"Dist_Km_std":62.4993676017,"Dist_Km_mean":54.6151877846,"Area_Sq_Km_std":47.2542095438,"Area_Sq_Km_mean":46.5286157109,"ATB_cat":"2030 Low Cost","Siting_Regime":"Open Access","Scenario":"Open Access - Low"},"Open Access - Current":{"Mean_CF_std":0.0771225742,"Mean_CF_mean":0.2962798867,"Site_LCOE_std":49.4035603005,"Site_LCOE_mean":95.1405597289,"All_in_LCOE_std":52.2550450457,"All_in_LCOE_mean":99.0172574177,"Capacity_std":217.8418371029,"Capacity_mean":324.3676060904,"LCOT_std":3.9233073971,"LCOT_mean":3.8766976889,"Dist_Km_std":62.2432335501,"Dist_Km_mean":54.8719244335,"Area_Sq_Km_std":47.2542095438,"Area_Sq_Km_mean":46.5286157109,"ATB_cat":"Current Technology","Siting_Regime":"Open Access","Scenario":"Open Access - Current"},"Reference Access - Mid":{"Mean_CF_std":0.0599890703,"Mean_CF_mean":0.3410887306,"Site_LCOE_std":60.5987925815,"Site_LCOE_mean":76.8571301344,"All_in_LCOE_std":63.3334549865,"All_in_LCOE_mean":79.2577662376,"Capacity_std":253.0732643445,"Capacity_mean":234.7182475606,"LCOT_std":3.078044259,"LCOT_mean":2.4006361031,"Dist_Km_std":62.9318518439,"Dist_Km_mean":46.1511342482,"Area_Sq_Km_std":16.416991085,"Area_Sq_Km_mean":15.914346983,"ATB_cat":"2030 Mid-Case","Siting_Regime":"Reference","Scenario":"Reference Access - Mid"},"Reference Access - Low":{"Mean_CF_std":0.0563771676,"Mean_CF_mean":0.3601930836,"Site_LCOE_std":65.3558810925,"Site_LCOE_mean":69.4179891545,"All_in_LCOE_std":68.1232267401,"All_in_LCOE_mean":71.7624126314,"Capacity_std":255.9523153382,"Capacity_mean":230.1916386833,"LCOT_std":3.0952036649,"LCOT_mean":2.3444234769,"Dist_Km_std":63.0099476213,"Dist_Km_mean":45.8230971086,"Area_Sq_Km_std":14.8654856314,"Area_Sq_Km_mean":14.2727453128,"ATB_cat":"2030 Low Cost","Siting_Regime":"Reference","Scenario":"Reference Access - Low"},"Reference Access - Current":{"Mean_CF_std":0.0773964487,"Mean_CF_mean":0.2960071303,"Site_LCOE_std":49.3996105761,"Site_LCOE_mean":95.2695249692,"All_in_LCOE_std":52.2758528668,"All_in_LCOE_mean":98.8998786851,"Capacity_std":221.6871024433,"Capacity_mean":306.7952967959,"LCOT_std":3.7407978571,"LCOT_mean":3.630353716,"Dist_Km_std":62.408626762,"Dist_Km_mean":52.7993866253,"Area_Sq_Km_std":41.1349863237,"Area_Sq_Km_mean":40.6138025494,"ATB_cat":"Current Technology","Siting_Regime":"Reference","Scenario":"Reference Access - Current"}}