{"mean_Mean_CF":{"count":16266.0,"mean":0.3598431531,"std":0.097209506,"min":0.0571933165,"25%":0.2910433028,"50%":0.3678532867,"75%":0.4355984793,"max":0.6470000148},"stdev_Mean_CF":{"count":16266.0,"mean":0.032492619,"std":0.0139313881,"min":0.0,"25%":0.0224109363,"50%":0.0375172707,"75%":0.0428475098,"max":0.1001668804},"mean_Site_LCOE":{"count":16266.0,"mean":47.8954723703,"std":25.5470214472,"min":23.958045687,"25%":31.9123040722,"50%":39.1937422071,"75%":51.9855206353,"max":195.6357269287},"stdev_Site_LCOE":{"count":16266.0,"mean":13.79355213,"std":6.3905855104,"min":0.0,"25%":10.3035952544,"50%":13.1068886711,"75%":16.8551438246,"max":55.0086325171},"mean_All-in_LCOE":{"count":16266.0,"mean":51.5650162786,"std":27.5703125364,"min":24.1929946447,"25%":33.998126507,"50%":41.4876883533,"75%":57.3359088131,"max":197.7443182069},"stdev_All-in_LCOE":{"count":16266.0,"mean":14.820625348,"std":6.9472616127,"min":0.0209301057,"25%":11.0219889419,"50%":13.8212039101,"75%":18.0707306684,"max":60.3738081946},"mean_Capacity":{"count":16266.0,"mean":219.6344446386,"std":140.7435706521,"min":0.022377832,"25%":121.1216142857,"50%":222.01695,"75%":285.640425,"max":600.0},"stdev_Capacity":{"count":16266.0,"mean":80.0600527995,"std":52.0325051624,"min":0.0,"25%":34.5853562325,"50%":82.9419536589,"75%":124.3818891379,"max":256.2455272964},"mean_LCOT":{"count":16266.0,"mean":3.6695439084,"std":4.3148512127,"min":0.0022266238,"25%":0.683133748,"50%":2.1020766707,"75%":5.1264557596,"max":38.0908218008},"stdev_LCOT":{"count":16266.0,"mean":1.44170358,"std":1.8755587394,"min":0.0005639386,"25%":0.2062041137,"50%":0.741351055,"75%":2.0109792427,"max":27.2088204844},"mean_Dist_Km":{"count":16266.0,"mean":55.4567182662,"std":58.0495719605,"min":0.0009855535,"25%":9.9054816321,"50%":32.9814789363,"75%":87.4348330298,"max":320.7691618625},"stdev_Dist_Km":{"count":16266.0,"mean":16.4040736675,"std":22.0274420393,"min":0.0,"25%":2.398355847e-16,"50%":6.2149096487,"75%":26.1873308815,"max":191.8003756069},"mean_Area_Sq_Km":{"count":16266.0,"mean":60.4026779067,"std":36.0466181502,"min":0.0074592773,"25%":28.3233857143,"50%":67.1779285714,"75%":89.0892,"max":132.7104},"stdev_Area_Sq_Km":{"count":16266.0,"mean":26.6866842665,"std":17.3441683875,"min":0.0,"25%":11.5284520775,"50%":27.6473178863,"75%":41.4606297126,"max":85.4151757655},"num_values":{"count":16266.0,"mean":6.7646010082,"std":0.6251053283,"min":2.0,"25%":7.0,"50%":7.0,"75%":7.0,"max":7.0}}