{"Mean_CF":{"count":69654.0,"mean":0.4425665766,"std":0.0519540007,"min":0.1978337318,"25%":0.4071800634,"50%":0.4515841007,"75%":0.4822167754,"max":0.5572974086},"Site_LCOE":{"count":69654.0,"mean":30.6391247701,"std":10.1951603575,"min":17.3617420197,"25%":21.7110805511,"50%":27.4616746902,"75%":40.3606929779,"max":200.0},"All_in_LCOE":{"count":69654.0,"mean":32.9198588875,"std":11.3327312218,"min":17.7086334166,"25%":25.0467920045,"50%":28.8463256073,"75%":42.0631735403,"max":200.0},"Capacity":{"count":69654.0,"mean":203.9811494194,"std":127.0360579814,"min":0.0204082031,"25%":95.5962,"50%":208.98,"75%":324.2592,"max":397.548},"LCOT":{"count":69654.0,"mean":2.2807341174,"std":2.6078783217,"min":0.0020214861,"25%":0.3174068266,"50%":0.9231633885,"75%":3.8303577247,"max":20.0},"Dist_Km":{"count":69654.0,"mean":52.3669777783,"std":59.6701514622,"min":0.0003010406,"25%":6.0923407844,"50%":21.2950527195,"75%":89.9526993107,"max":239.7433121815},"Area_Sq_Km":{"count":69654.0,"mean":67.9937164731,"std":42.3453526605,"min":0.0068027344,"25%":31.8654,"50%":69.66,"75%":108.0864,"max":132.516}}