{"mean_Mean_CF":{"count":10056.0,"mean":0.4424382325,"std":0.0350594824,"min":0.2599728171,"25%":0.424656313,"50%":0.447301116,"75%":0.4669134212,"max":0.5215404545},"stdev_Mean_CF":{"count":10056.0,"mean":0.0413668624,"std":0.0042951395,"min":0.0224882604,"25%":0.0383819681,"50%":0.0409288603,"75%":0.0439952237,"max":0.0603569452},"mean_Site_LCOE":{"count":10056.0,"mean":30.6562754642,"std":2.9043035351,"min":25.3008973258,"25%":28.7058991023,"50%":30.0586989267,"75%":31.8525406292,"max":200.0},"stdev_Site_LCOE":{"count":10056.0,"mean":10.4741619936,"std":1.6184802688,"min":7.7397850274,"25%":9.3775917416,"50%":10.1025400208,"75%":11.1557848801,"max":200.0},"mean_All_in_LCOE":{"count":10056.0,"mean":32.9292151436,"std":3.9293270175,"min":25.7096442288,"25%":30.0962186614,"50%":32.1467173307,"75%":34.8980393231,"max":200.0},"stdev_All_in_LCOE":{"count":10056.0,"mean":11.3469298378,"std":1.9726324587,"min":7.1337851816,"25%":9.9161383139,"50%":11.0801948153,"75%":12.3471746336,"max":200.0},"mean_Capacity":{"count":10056.0,"mean":203.347355972,"std":83.6536151065,"min":0.0243,"25%":163.8844071428,"50%":223.9904571429,"75%":259.3365428571,"max":392.6324571429},"stdev_Capacity":{"count":10056.0,"mean":93.6085892271,"std":44.5534470149,"min":0.0,"25%":61.1246089549,"50%":103.5850490205,"75%":130.255990602,"max":200.0260776443},"mean_LCOT":{"count":10056.0,"mean":2.2729396794,"std":2.1007856386,"min":0.0027450969,"25%":0.5280434435,"50%":1.5920898432,"75%":3.4719330086,"max":20.0},"stdev_LCOT":{"count":10056.0,"mean":1.2254572217,"std":1.1365942965,"min":0.0005507909,"25%":0.205029739,"50%":0.9377519131,"75%":1.9958285194,"max":20.0},"mean_Dist_Km":{"count":10056.0,"mean":52.161782354,"std":50.0806198476,"min":0.0003010406,"25%":10.7796208817,"50%":35.3504787512,"75%":80.0874961222,"max":227.8899419907},"stdev_Dist_Km":{"count":10056.0,"mean":23.8830474225,"std":25.6066894513,"min":0.0,"25%":1.5425350019,"50%":14.3741971014,"75%":40.2301578986,"max":126.6577576212},"mean_Area_Sq_Km":{"count":10056.0,"mean":67.7824519907,"std":27.8845383688,"min":0.0081,"25%":54.6281357142,"50%":74.6634857143,"75%":86.4455142857,"max":130.8774857143},"stdev_Area_Sq_Km":{"count":10056.0,"mean":31.2028630757,"std":14.851149005,"min":0.0,"25%":20.3748696516,"50%":34.5283496735,"75%":43.418663534,"max":66.6753592148},"num_values":{"count":10056.0,"mean":6.890115354,"std":0.3851517446,"min":3.0,"25%":7.0,"50%":7.0,"75%":7.0,"max":7.0}}