{"Limited Access - Mid":{"Mean_CF_std":0.0346952328,"Mean_CF_mean":0.4533552715,"Site_LCOE_std":2.357767303,"Site_LCOE_mean":27.912279164,"All_in_LCOE_std":3.0025974889,"All_in_LCOE_mean":28.6920093333,"Capacity_std":60.202498724,"Capacity_mean":44.2812086164,"LCOT_std":1.3779075285,"LCOT_mean":0.7797301693,"Dist_Km_std":35.8872010425,"Dist_Km_mean":18.7406289938,"Area_Sq_Km_std":20.0674995747,"Area_Sq_Km_mean":14.7604028721,"ATB_cat":"2030 Mid-Case","Siting_Regime":"Limited Access","Scenario":"Limited Access - Mid"},"Open Access - Mid":{"Mean_CF_std":0.0343196275,"Mean_CF_mean":0.4533547335,"Site_LCOE_std":2.3387479527,"Site_LCOE_mean":27.9194728819,"All_in_LCOE_std":3.545310934,"All_in_LCOE_mean":30.4951097324,"Capacity_std":106.5656313836,"Capacity_mean":275.8957357218,"LCOT_std":2.2967477206,"LCOT_mean":2.5756368505,"Dist_Km_std":61.9651131549,"Dist_Km_mean":67.4473335802,"Area_Sq_Km_std":35.5218771279,"Area_Sq_Km_mean":91.9652452406,"ATB_cat":"2030 Mid-Case","Siting_Regime":"Open Access","Scenario":"Open Access - Mid"},"Open Access - Low":{"Mean_CF_std":0.0332269588,"Mean_CF_mean":0.4833212963,"Site_LCOE_std":1.5255361715,"Site_LCOE_mean":20.2808917322,"All_in_LCOE_std":2.829331521,"All_in_LCOE_mean":22.6798447492,"Capacity_std":106.5656313836,"Capacity_mean":275.8957357218,"LCOT_std":2.1714176014,"LCOT_mean":2.398953017,"Dist_Km_std":62.7365332374,"Dist_Km_mean":67.1108349082,"Area_Sq_Km_std":35.5218771279,"Area_Sq_Km_mean":91.9652452406,"ATB_cat":"2030 Low Cost","Siting_Regime":"Open Access","Scenario":"Open Access - Low"},"Open Access - Current":{"Mean_CF_std":0.038161364,"Mean_CF_mean":0.3860305066,"Site_LCOE_std":5.0613186002,"Site_LCOE_mean":44.9472702992,"All_in_LCOE_std":6.5485037964,"All_in_LCOE_mean":48.6163609348,"Capacity_std":106.5656313836,"Capacity_mean":275.8957357218,"LCOT_std":3.2058825237,"LCOT_mean":3.6690906356,"Dist_Km_std":61.0055513887,"Dist_Km_mean":68.2458872757,"Area_Sq_Km_std":35.5218771279,"Area_Sq_Km_mean":91.9652452406,"ATB_cat":"Current Technology","Siting_Regime":"Open Access","Scenario":"Open Access - Current"},"Reference Access - Mid":{"Mean_CF_std":0.0343736937,"Mean_CF_mean":0.4534963059,"Site_LCOE_std":2.334686528,"Site_LCOE_mean":27.9084749608,"All_in_LCOE_std":3.4649112563,"All_in_LCOE_mean":29.4736835397,"Capacity_std":76.4669699421,"Capacity_mean":145.3797403942,"LCOT_std":2.0736342284,"LCOT_mean":1.5652085789,"Dist_Km_std":55.2525841786,"Dist_Km_mean":40.1682719992,"Area_Sq_Km_std":25.4889899807,"Area_Sq_Km_mean":48.4599134647,"ATB_cat":"2030 Mid-Case","Siting_Regime":"Reference","Scenario":"Reference Access - Mid"},"Reference Access - Low":{"Mean_CF_std":0.0332948691,"Mean_CF_mean":0.483459939,"Site_LCOE_std":1.5235817632,"Site_LCOE_mean":20.2736840186,"All_in_LCOE_std":2.6775565828,"All_in_LCOE_mean":21.6262329186,"Capacity_std":74.9077199439,"Capacity_mean":133.423987184,"LCOT_std":1.8918170731,"LCOT_mean":1.3525489,"Dist_Km_std":53.9314510977,"Dist_Km_mean":36.9001075649,"Area_Sq_Km_std":24.9692399813,"Area_Sq_Km_mean":44.4746623947,"ATB_cat":"2030 Low Cost","Siting_Regime":"Reference","Scenario":"Reference Access - Low"},"Reference Access - Current":{"Mean_CF_std":0.0381770463,"Mean_CF_mean":0.3861200421,"Site_LCOE_std":5.0624286607,"Site_LCOE_mean":44.9356649384,"All_in_LCOE_std":6.5614656678,"All_in_LCOE_mean":48.4052972626,"Capacity_std":111.331313253,"Capacity_mean":260.692919422,"LCOT_std":3.1977392932,"LCOT_mean":3.4696323242,"Dist_Km_std":60.8212912965,"Dist_Km_mean":64.4999295845,"Area_Sq_Km_std":37.110437751,"Area_Sq_Km_mean":86.8976398073,"ATB_cat":"Current Technology","Siting_Regime":"Reference","Scenario":"Reference Access - Current"}}