{"mean_Mean_CF":{"count":12002.0,"mean":0.3586290113,"std":0.0918648108,"min":0.0597218126,"25%":0.2981222602,"50%":0.3580000103,"75%":0.4228791605,"max":0.6320000291},"stdev_Mean_CF":{"count":12002.0,"mean":0.0289540953,"std":0.0173907275,"min":0.0,"25%":0.0158440108,"50%":0.0372200748,"75%":0.0428674864,"max":0.1017938188},"mean_Site_LCOE":{"count":12002.0,"mean":61.752143417,"std":43.5666240517,"min":23.4377604893,"25%":33.2257307598,"50%":42.3684559096,"75%":66.6399528186,"max":194.8868560791},"stdev_Site_LCOE":{"count":12002.0,"mean":12.1034636778,"std":7.3255015882,"min":0.0,"25%":9.3966906305,"50%":12.6411929565,"75%":16.4882701297,"max":46.8006078994},"mean_All-in_LCOE":{"count":12002.0,"mean":66.0276662825,"std":45.9423422417,"min":23.7279246491,"25%":35.3494529727,"50%":44.4749614834,"75%":76.8658228811,"max":199.9143938572},"stdev_All-in_LCOE":{"count":12002.0,"mean":13.0952312386,"std":7.7977871504,"min":0.0,"25%":9.9793940579,"50%":13.3444816609,"75%":17.4457021917,"max":56.367341642},"mean_Capacity":{"count":12002.0,"mean":269.6848335645,"std":184.3267031589,"min":0.0183555176,"25%":144.3289821428,"50%":241.9394785714,"75%":328.6653107143,"max":600.0},"stdev_Capacity":{"count":12002.0,"mean":71.3082627685,"std":56.7558234259,"min":0.0,"25%":7.3872596709,"50%":72.0869521611,"75%":122.9305655856,"max":211.7921565204},"mean_LCOT":{"count":12002.0,"mean":4.2755228655,"std":5.0523020605,"min":0.0053525992,"25%":0.6906246088,"50%":2.3991673378,"75%":6.2295477055,"max":44.3159624806},"stdev_LCOT":{"count":12002.0,"mean":1.3579836815,"std":1.8465068483,"min":0.0,"25%":0.2055188434,"50%":0.6897426055,"75%":1.8237187916,"max":20.1280615495},"mean_Dist_Km":{"count":12002.0,"mean":64.0695883698,"std":65.6791659584,"min":0.001962872,"25%":9.5597789496,"50%":38.26372717,"75%":109.7248400522,"max":334.2746675596},"stdev_Dist_Km":{"count":12002.0,"mean":14.4661070976,"std":21.2976139478,"min":0.0,"25%":0.0,"50%":3.3850048991,"75%":22.1414684865,"max":129.6194976811},"mean_Area_Sq_Km":{"count":12002.0,"mean":53.1020766661,"std":39.1214340764,"min":0.0061185059,"25%":5.8868678572,"50%":58.8898928572,"75%":85.8663642857,"max":132.7104},"stdev_Area_Sq_Km":{"count":12002.0,"mean":23.7694209228,"std":18.9186078086,"min":0.0,"25%":2.4624198903,"50%":24.0289840537,"75%":40.9768551952,"max":70.5973855068},"num_values":{"count":12002.0,"mean":6.8012831195,"std":0.5321949054,"min":2.0,"25%":7.0,"50%":7.0,"75%":7.0,"max":7.0}}