{"Limited Access - Mid":{"Mean_CF_std":0.0639352354,"Mean_CF_mean":0.3461526273,"Site_LCOE_std":53.2581275579,"Site_LCOE_mean":72.8969987892,"All-in_LCOE_std":55.6458011431,"All-in_LCOE_mean":74.9718489231,"Capacity_std":273.9976242669,"Capacity_mean":201.4206570828,"LCOT_std":2.7490843284,"LCOT_mean":2.0748501339,"Dist_Km_std":62.0756875734,"Dist_Km_mean":42.5424077552,"Area_Sq_Km_std":5.7422793023,"Area_Sq_Km_mean":4.4139620444,"ATB_cat":"2030 Mid-Case","Siting_Regime":"Limited Access","Scenario":"Limited Access - Mid"},"Open Access - Mid":{"Mean_CF_std":0.0613444395,"Mean_CF_mean":0.3432643809,"Site_LCOE_std":50.388473685,"Site_LCOE_mean":67.0898550943,"All-in_LCOE_std":52.4034487178,"All-in_LCOE_mean":69.6714166967,"Capacity_std":212.3888090041,"Capacity_mean":305.2331353512,"LCOT_std":2.8594515321,"LCOT_mean":2.5815616024,"Dist_Km_std":59.1305141368,"Dist_Km_mean":48.5798910738,"Area_Sq_Km_std":47.4731409706,"Area_Sq_Km_mean":49.4809630071,"ATB_cat":"2030 Mid-Case","Siting_Regime":"Open Access","Scenario":"Open Access - Mid"},"Open Access - Low":{"Mean_CF_std":0.0564431419,"Mean_CF_mean":0.3636878614,"Site_LCOE_std":54.8989034701,"Site_LCOE_mean":58.9863551296,"All-in_LCOE_std":56.9378227984,"All-in_LCOE_mean":61.4674470352,"Capacity_std":212.3888090041,"Capacity_mean":305.2331353512,"LCOT_std":2.8260064322,"LCOT_mean":2.4810919056,"Dist_Km_std":59.3219250275,"Dist_Km_mean":48.426214084,"Area_Sq_Km_std":47.4731409706,"Area_Sq_Km_mean":49.4809630071,"ATB_cat":"2030 Low Cost","Siting_Regime":"Open Access","Scenario":"Open Access - Low"},"Open Access - Current":{"Mean_CF_std":0.0796324705,"Mean_CF_mean":0.2956172856,"Site_LCOE_std":39.7621749517,"Site_LCOE_mean":86.8373874181,"All-in_LCOE_std":42.1075324472,"All-in_LCOE_mean":90.2492162633,"Capacity_std":212.1254437446,"Capacity_mean":304.4487245679,"LCOT_std":3.589822652,"LCOT_mean":3.4118288453,"Dist_Km_std":58.9230507441,"Dist_Km_mean":48.4611375353,"Area_Sq_Km_std":47.4781770362,"Area_Sq_Km_mean":49.6019934284,"ATB_cat":"Current Technology","Siting_Regime":"Open Access","Scenario":"Open Access - Current"},"Reference Access - Mid":{"Mean_CF_std":0.0610370539,"Mean_CF_mean":0.3436309986,"Site_LCOE_std":50.6572302558,"Site_LCOE_mean":67.423434916,"All-in_LCOE_std":52.9009632153,"All-in_LCOE_mean":69.3824653465,"Capacity_std":241.860467454,"Capacity_mean":208.9894123564,"LCOT_std":2.6273977089,"LCOT_mean":1.9590304305,"Dist_Km_std":58.7603794734,"Dist_Km_mean":39.2798244043,"Area_Sq_Km_std":16.6673101882,"Area_Sq_Km_mean":16.7535410245,"ATB_cat":"2030 Mid-Case","Siting_Regime":"Reference","Scenario":"Reference Access - Mid"},"Reference Access - Low":{"Mean_CF_std":0.0560713038,"Mean_CF_mean":0.3640898424,"Site_LCOE_std":55.2277655654,"Site_LCOE_mean":59.4376099612,"All-in_LCOE_std":57.5023138105,"All-in_LCOE_mean":61.3354524987,"Capacity_std":244.5399482491,"Capacity_mean":204.0845799043,"LCOT_std":2.6375748892,"LCOT_mean":1.8978425375,"Dist_Km_std":58.7979660747,"Dist_Km_mean":38.912962369,"Area_Sq_Km_std":15.1197862043,"Area_Sq_Km_mean":14.9979619216,"ATB_cat":"2030 Low Cost","Siting_Regime":"Reference","Scenario":"Reference Access - Low"},"Reference Access - Current":{"Mean_CF_std":0.0799168913,"Mean_CF_mean":0.2953241366,"Site_LCOE_std":39.7741382518,"Site_LCOE_mean":86.9673875977,"All-in_LCOE_std":42.0967043329,"All-in_LCOE_mean":90.114588,"Capacity_std":214.5490107978,"Capacity_mean":285.5853669628,"LCOT_std":3.3366997277,"LCOT_mean":3.1472004023,"Dist_Km_std":58.8619695443,"Dist_Km_mean":46.2322720156,"Area_Sq_Km_std":41.358212801,"Area_Sq_Km_mean":43.2623827888,"ATB_cat":"Current Technology","Siting_Regime":"Reference","Scenario":"Reference Access - Current"}}