{"mean_Mean_CF":{"count":4834.0,"mean":0.3525963687,"std":0.0936276268,"min":0.0629658643,"25%":0.2838138613,"50%":0.3607182992,"75%":0.4297484947,"max":0.5879999995},"stdev_Mean_CF":{"count":4834.0,"mean":0.0328543406,"std":0.012525384,"min":0.0,"25%":0.0232753125,"50%":0.0366077198,"75%":0.0423342097,"max":0.0846488186},"mean_Site_LCOE":{"count":4834.0,"mean":45.5477185984,"std":20.7277410607,"min":23.5009070805,"25%":32.2937203362,"50%":39.0128940855,"75%":50.7140242712,"max":177.6688537598},"stdev_Site_LCOE":{"count":4834.0,"mean":14.4294677192,"std":5.9941629093,"min":0.0,"25%":10.7370487029,"50%":13.4012943813,"75%":16.9780020213,"max":55.11421747},"mean_All-in_LCOE":{"count":4834.0,"mean":49.2123967884,"std":22.6115467873,"min":24.0650190221,"25%":34.4702335635,"50%":41.8238327225,"75%":55.4549648342,"max":179.3611381649},"stdev_All-in_LCOE":{"count":4834.0,"mean":15.5293201147,"std":6.6538546701,"min":0.0040263425,"25%":11.4414503568,"50%":14.1360900789,"75%":18.5393127547,"max":60.713515375},"mean_Capacity":{"count":4834.0,"mean":209.7997789295,"std":118.8470274932,"min":0.0243,"25%":131.7528642857,"50%":217.300725,"75%":278.3669142857,"max":600.0},"stdev_Capacity":{"count":4834.0,"mean":85.1071398105,"std":50.7375386494,"min":0.0,"25%":43.4936497519,"50%":88.7460406111,"75%":126.6695454791,"max":217.189262055},"mean_LCOT":{"count":4834.0,"mean":3.66467819,"std":4.0066728051,"min":0.0024419795,"25%":0.7686722138,"50%":2.1848120118,"75%":5.2708353539,"max":32.2040237127},"stdev_LCOT":{"count":4834.0,"mean":1.5587513858,"std":1.8866809996,"min":0.0004925578,"25%":0.2277268432,"50%":0.8890638534,"75%":2.1749860668,"max":16.8958263907},"mean_Dist_Km":{"count":4834.0,"mean":53.7872777038,"std":52.7253255509,"min":0.040839678,"25%":11.4293561648,"50%":34.4034291589,"75%":83.8462589755,"max":309.5831851435},"stdev_Dist_Km":{"count":4834.0,"mean":17.7082167561,"std":21.975820487,"min":0.0,"25%":9.729507111e-16,"50%":8.4706378142,"75%":28.2049727506,"max":140.9758180451},"mean_Area_Sq_Km":{"count":4834.0,"mean":64.0135244342,"std":33.9796921346,"min":0.0081,"25%":38.5403785714,"50%":69.8833285714,"75%":90.3288857143,"max":132.7104},"stdev_Area_Sq_Km":{"count":4834.0,"mean":28.3690466035,"std":16.9125128831,"min":0.0,"25%":14.4978832506,"50%":29.5820135371,"75%":42.2231818264,"max":72.396420685},"num_values":{"count":4834.0,"mean":6.738105089,"std":0.7076831525,"min":2.0,"25%":7.0,"50%":7.0,"75%":7.0,"max":7.0}}