{"Mean_CF":{"count":34012.0,"mean":0.4041431929,"std":0.0514038787,"min":0.2037384212,"25%":0.365310967,"50%":0.4152382016,"75%":0.4429668412,"max":0.5462219119},"Site_LCOE":{"count":34012.0,"mean":33.4109552676,"std":11.5509610732,"min":17.6356925964,"25%":23.0665569305,"50%":29.6860990524,"75%":45.1218881607,"max":200.0},"All_in_LCOE":{"count":34012.0,"mean":34.2360486721,"std":11.916870483,"min":18.0676741367,"25%":24.0888589229,"50%":30.2408627388,"75%":45.8819786093,"max":200.0},"Capacity":{"count":34012.0,"mean":152.4574598162,"std":136.7426784605,"min":0.0185572266,"25%":26.8272,"50%":110.0304,"75%":289.4616,"max":394.8264},"LCOT":{"count":34012.0,"mean":0.8250934044,"std":1.038899841,"min":0.0017766098,"25%":0.2785986078,"50%":0.4572778091,"75%":0.8932197447,"max":20.0},"Dist_Km":{"count":34012.0,"mean":14.1725313692,"std":19.3221106276,"min":0.0014136149,"25%":3.2583808838,"50%":7.3520842324,"75%":16.1179966776,"max":164.8794017558},"Area_Sq_Km":{"count":34012.0,"mean":50.8191532721,"std":45.5808928202,"min":0.0061857422,"25%":8.9424,"50%":36.6768,"75%":96.4872,"max":131.6088}}