{"mean_Mean_CF":{"count":4969.0,"mean":0.4042167908,"std":0.0318585016,"min":0.2624892912,"25%":0.3881591388,"50%":0.4091039002,"75%":0.4242226737,"max":0.5130493513},"stdev_Mean_CF":{"count":4969.0,"mean":0.0437067771,"std":0.004181652,"min":0.0290334857,"25%":0.0407088512,"50%":0.0433969003,"75%":0.0465874568,"max":0.0597070224},"mean_Site_LCOE":{"count":4969.0,"mean":33.4262192594,"std":3.035682588,"min":25.5072710855,"25%":31.5553077062,"50%":32.8168994359,"75%":34.6225656782,"max":200.0},"stdev_Site_LCOE":{"count":4969.0,"mean":11.9837168731,"std":1.7261135371,"min":7.572147961,"25%":10.8560491173,"50%":11.6355253395,"75%":12.7294239606,"max":200.0},"mean_All_in_LCOE":{"count":4969.0,"mean":34.2439977709,"std":3.2299951175,"min":25.9685879113,"25%":32.1651644063,"50%":33.5956800218,"75%":35.6735018209,"max":200.0},"stdev_All_in_LCOE":{"count":4969.0,"mean":12.3107522168,"std":1.8727638754,"min":7.6400049913,"25%":11.0466419097,"50%":11.9395358482,"75%":13.1749086232,"max":200.0},"mean_Capacity":{"count":4969.0,"mean":150.4145875626,"std":91.5739507976,"min":0.0185572266,"25%":62.9821285714,"50%":163.9000285714,"75%":235.6648714286,"max":327.3372},"stdev_Capacity":{"count":4969.0,"mean":93.7030503026,"std":56.4865711812,"min":0.0,"25%":40.5059637066,"50%":101.9003010602,"75%":147.505276951,"max":207.0387490093},"mean_LCOT":{"count":4969.0,"mean":0.8177785116,"std":0.7420623759,"min":0.0022266238,"25%":0.3338417257,"50%":0.5573169779,"75%":1.0285954614,"max":20.0},"stdev_LCOT":{"count":4969.0,"mean":0.4563148526,"std":0.6275322887,"min":0.0004925578,"25%":0.0798024763,"50%":0.1800120612,"75%":0.5456052266,"max":20.0},"mean_Dist_Km":{"count":4969.0,"mean":14.0534787434,"std":14.6825416624,"min":0.0156371514,"25%":4.2193857916,"50%":8.9496374624,"75%":18.2680676116,"max":103.4942454313},"stdev_Dist_Km":{"count":4969.0,"mean":7.0610180465,"std":11.3744726105,"min":0.0,"25%":2.398355847e-16,"50%":1.9384929292,"75%":8.7836635515,"max":76.6886152963},"mean_Area_Sq_Km":{"count":4969.0,"mean":50.1381958542,"std":30.5246502659,"min":0.0061857422,"25%":20.9940428571,"50%":54.6333428571,"75%":78.5549571429,"max":109.1124},"stdev_Area_Sq_Km":{"count":4969.0,"mean":31.2343501009,"std":18.8288570604,"min":0.0,"25%":13.5019879022,"50%":33.9667670201,"75%":49.1684256503,"max":69.0129163364},"num_values":{"count":4969.0,"mean":6.7886898772,"std":0.5115659807,"min":3.0,"25%":7.0,"50%":7.0,"75%":7.0,"max":7.0}}