{"Limited Access - Mid":{"Mean_CF_std":0.0321370686,"Mean_CF_mean":0.4143089353,"Site_LCOE_std":2.5010756545,"Site_LCOE_mean":30.2685885165,"All_in_LCOE_std":2.5155185845,"All_in_LCOE_mean":30.6393686065,"Capacity_std":18.8196547137,"Capacity_mean":10.8058387325,"LCOT_std":0.2337221717,"LCOT_mean":0.37078009,"Dist_Km_std":5.8023029203,"Dist_Km_mean":6.2695602932,"Area_Sq_Km_std":6.2732182379,"Area_Sq_Km_mean":3.6019462442,"ATB_cat":"2030 Mid-Case","Siting_Regime":"Limited Access","Scenario":"Limited Access - Mid"},"Open Access - Mid":{"Mean_CF_std":0.0313499512,"Mean_CF_mean":0.4160050824,"Site_LCOE_std":2.4032661152,"Site_LCOE_mean":30.1341567345,"All_in_LCOE_std":2.747188083,"All_in_LCOE_mean":31.0836161594,"Capacity_std":134.951797537,"Capacity_mean":227.8005456402,"LCOT_std":1.0292020171,"LCOT_mean":0.9494594249,"Dist_Km_std":23.7755652922,"Dist_Km_mean":19.3173221374,"Area_Sq_Km_std":44.9839325123,"Area_Sq_Km_mean":75.9335152134,"ATB_cat":"2030 Mid-Case","Siting_Regime":"Open Access","Scenario":"Open Access - Mid"},"Open Access - Low":{"Mean_CF_std":0.0310332333,"Mean_CF_mean":0.4469708239,"Site_LCOE_std":1.5612609864,"Site_LCOE_mean":21.7060261371,"All_in_LCOE_std":1.9184166231,"All_in_LCOE_mean":22.573412679,"Capacity_std":134.951797537,"Capacity_mean":227.8005456402,"LCOT_std":0.9530118029,"LCOT_mean":0.8673865419,"Dist_Km_std":23.8586156245,"Dist_Km_mean":19.0007520604,"Area_Sq_Km_std":44.9839325123,"Area_Sq_Km_mean":75.9335152134,"ATB_cat":"2030 Low Cost","Siting_Regime":"Open Access","Scenario":"Open Access - Low"},"Open Access - Current":{"Mean_CF_std":0.034032838,"Mean_CF_mean":0.3452096468,"Site_LCOE_std":5.3764856321,"Site_LCOE_mean":49.6503613572,"All_in_LCOE_std":5.8932380819,"All_in_LCOE_mean":51.0471215604,"Capacity_std":134.951797537,"Capacity_mean":227.8005456402,"LCOT_std":1.5058211999,"LCOT_mean":1.3967602032,"Dist_Km_std":23.5512544517,"Dist_Km_mean":19.57382946,"Area_Sq_Km_std":44.9839325123,"Area_Sq_Km_mean":75.9335152134,"ATB_cat":"Current Technology","Siting_Regime":"Open Access","Scenario":"Open Access - Current"},"Reference Access - Mid":{"Mean_CF_std":0.0312056773,"Mean_CF_mean":0.4162550313,"Site_LCOE_std":2.3817877213,"Site_LCOE_mean":30.1096197758,"All_in_LCOE_std":2.4461804743,"All_in_LCOE_mean":30.5813777942,"Capacity_std":56.6579667662,"Capacity_mean":79.003045626,"LCOT_std":0.3936878306,"LCOT_mean":0.4717580185,"Dist_Km_std":9.36521641,"Dist_Km_mean":8.6697080953,"Area_Sq_Km_std":18.8859889221,"Area_Sq_Km_mean":26.334348542,"ATB_cat":"2030 Mid-Case","Siting_Regime":"Reference","Scenario":"Reference Access - Mid"},"Reference Access - Low":{"Mean_CF_std":0.0309428038,"Mean_CF_mean":0.4471761601,"Site_LCOE_std":1.5498932732,"Site_LCOE_mean":21.6922453197,"All_in_LCOE_std":1.5981505019,"All_in_LCOE_mean":22.105525399,"Capacity_std":50.5256380597,"Capacity_mean":68.9683919299,"LCOT_std":0.327863665,"LCOT_mean":0.4132800793,"Dist_Km_std":8.4737002407,"Dist_Km_mean":8.0246326138,"Area_Sq_Km_std":16.8418793532,"Area_Sq_Km_mean":22.9894639766,"ATB_cat":"2030 Low Cost","Siting_Regime":"Reference","Scenario":"Reference Access - Low"},"Reference Access - Current":{"Mean_CF_std":0.033904698,"Mean_CF_mean":0.3453968233,"Site_LCOE_std":5.3432053721,"Site_LCOE_mean":49.6174243676,"All_in_LCOE_std":5.7458139004,"All_in_LCOE_mean":50.8336683393,"Capacity_std":136.7908662704,"Capacity_mean":197.7032897921,"LCOT_std":1.357307376,"LCOT_mean":1.2162439716,"Dist_Km_std":21.4228027071,"Dist_Km_mean":16.7907312246,"Area_Sq_Km_std":45.5969554235,"Area_Sq_Km_mean":65.9010965974,"ATB_cat":"Current Technology","Siting_Regime":"Reference","Scenario":"Reference Access - Current"}}